OID_,AREA,NODE_ID,TYPE
0,CA,2C559EQ2_7_N001,GEN
1,CA,ADCC_2_N001,GEN
2,CA,AEC300_1_N001,LOAD
3,PACW,AGER_LNODE35,LOAD
4,CA,AGNEW_1_N003,LOAD
5,CA,AGUAMNSA_7_B1,GEN
6,CA,AIRPROD_1_N001,LOAD
7,CA,ALAMITOS_2_N001,LOAD
8,CA,ALAMITOS_2_N040,LOAD
9,CA,ALAMOSC_7_N001,GEN
10,CA,ALAMT1G_7_B1,GEN
11,CA,ALAMT1G_7_N002,LOAD
12,CA,ALAMT2G_7_B1,GEN
13,CA,ALAMT2G_7_N002,LOAD
14,CA,ALAMT3G_7_B1,GEN
15,CA,ALAMT3G_7_N002,LOAD
16,CA,ALAMT4G_7_B1,GEN
17,CA,ALAMT4G_7_N002,LOAD
18,CA,ALAMT5G_7_B1,GEN
19,CA,ALAMT5G_7_N002,LOAD
20,CA,ALAMT6G_7_B1,GEN
21,CA,ALAMT6G_7_N002,LOAD
22,CA,ALHAMBRA_1_N001,LOAD
23,CA,ALHAMBRA_1_N002,LOAD
24,CA,ALLEGHNY_6_N001,LOAD
25,CA,ALMADEN_6_N001,LOAD
26,CA,ALMDACT1_7_B1,GEN
27,CA,ALMDACT2_7_B1,GEN
28,CA,ALPAUGH_1_N001,LOAD
29,CA,ALPINE_6_N001,LOAD
30,CA,ALPINE_6_N005,LOAD
31,CA,ALTA1G_7_B1,GEN
32,CA,ALTA2G_7_B1,GEN
33,CA,ALTA30ST_7_B1,GEN
34,CA,ALTA31GT_7_B1,GEN
35,CA,ALTA40ST_7_B1,GEN
36,CA,ALTA41GT_7_B1,GEN
37,CA,ALTA6B2_7_N003,GEN
38,CA,ALTA6E2_7_N002,GEN
39,CA,ALTAD1_7_N006,GEN
40,CA,ALTAD2_7_N006,GEN
41,CA,ALTMMDW_2_N001,GEN
42,CA,ALTO_6_N001,LOAD
43,CA,ALTO_6_N101,LOAD
44,PACW,ALTURAS_LNODE17,LOAD
45,CA,ALTWIND_1_N001,GEN
46,CA,AMERIGAS_1_N001,LOAD
47,CA,AMESBS_1_N004,LOAD
48,CA,AMESBS_1_N101,LOAD
49,CA,AMESDST_1_N001,LOAD
50,CA,AMFORST_6_N001,LOAD
51,CA,AMSTGSW_6_N004,GEN
52,CA,ANAHEIMG_7_B1,GEN
53,CA,ANDERSON_6_N001,LOAD
54,CA,ANGIOLA_6_N001,LOAD
55,CA,ANITA_6_N001,LOAD
56,CA,ANNAPOLS_6_N001,LOAD
57,CA,ANTELOPE_6_N001,LOAD
58,CA,ANTLER_6_N001,LOAD
59,CA,APPLEHL_1_N001,LOAD
60,CA,APPLEHL_1_N002,LOAD
61,CA,APPLEHL_1_N004,GEN
62,CA,APPMAT_1_N001,LOAD
63,CA,APPMAT_1_N010,LOAD
64,CA,APTORVC_6_N002,GEN
65,CA,ARBUCKLE_6_N001,LOAD
66,CA,ARBWIND_6_N001,GEN
67,CA,ARCATA_6_N001,LOAD
68,CA,ARCO1G_7_B1,GEN
69,CA,ARTESN_6_N001,LOAD
70,CA,ARVINED_1_N001,LOAD
71,CA,ARVIN_6_N001,LOAD
72,CA,ASHLAN_2_N001,LOAD
73,CA,ASHLAN_2_N007,LOAD
74,CA,ASHLAN_2_N008,LOAD
75,CA,ASH_6_N001,LOAD
76,CA,ASH_6_N005,LOAD
77,CA,ASH_6_N101,LOAD
78,CA,ATASCDRO_6_N001,LOAD
79,CA,ATWATER_1_B2,LOAD
80,CA,ATWATER_1_N001,LOAD
81,CA,ATWELL_1_N001,GEN
82,CA,AUBERRY_6_N001,LOAD
83,CA,AUBERRY_6_N003,LOAD
84,CA,AUBURN_6_N001,LOAD
85,CA,AVENAL_6_GN001,GEN
86,CA,AVENAL_6_GN002,GEN
87,CA,AVENAL_6_GN003,GEN
88,CA,AVENA_1_N001,LOAD
89,CA,AVOCADO_6_N001,LOAD
90,CA,AVOCADO_6_N002,LOAD
91,CA,AVSOLAR_7_N008,GEN
92,CA,BADGERCK_7_N001,GEN
93,CA,BAFCOG12_7_B1,GEN
94,CA,BAFOOD1_6_N001,LOAD
95,CA,BAHIA_2_N001,LOAD
96,CA,BAHIA_2_N011,LOAD
97,CA,BAILYJ1_1_N010,LOAD
98,CA,BAIR_1_N001,LOAD
99,CA,BAKER_1_N001,LOAD
100,CA,BALCH1_7_B2,GEN
101,CA,BALFOUR_6_N001,LOAD
102,CA,BANGOR_6_N001,LOAD
103,CA,BANNING_1_N001,LOAD
104,CA,BANTA_6_N001,LOAD
105,CA,BARPKGEN_7_B1,GEN
106,CA,BARRETT_6_N001,LOAD
107,CA,BARRE_2_N043,GEN
108,CA,BARRE_6_N001,LOAD
109,CA,BARRE_6_N002,LOAD
110,CA,BARRE_6_N003,LOAD
111,CA,BARRY_6_N001,LOAD
112,CA,BARTON_1_N001,LOAD
113,CA,BARTON_1_N007,LOAD
114,CA,BARTON_1_N008,LOAD
115,CA,BASALT_6_N002,LOAD
116,CA,BASALT_6_N101,LOAD
117,CA,BATAVIA_6_N001,LOAD
118,CA,BATIQTOS_1_N001,LOAD
119,CA,BATIQTOS_1_N008,LOAD
120,CA,BATIQTOS_1_N015,LOAD
121,CA,BAYMDWS_1_N001,LOAD
122,CA,BAYMDWS_1_N004,LOAD
123,CA,BAYMDWS_1_N008,LOAD
124,CA,BAYMDWS_1_N012,LOAD
125,CA,BAYSHOR1_1_N001,LOAD
126,CA,BAYSHOR2_1_N001,LOAD
127,CA,BAYWOOD_6_N001,LOAD
128,CA,BCRK1-2_1_N003,GEN
129,CA,BCRK1-2_1_N004,GEN
130,CA,BCRK4_7_B1,GEN
131,CA,BCRK4_7_B3,GEN
132,CA,BDLRKSP1_7_B1,GEN
133,CA,BDLRKSP2_7_B1,GEN
134,CA,BEARDSLY_7_B1,GEN
135,CA,BEARTAP_1_N001,LOAD
136,CA,BELDEN_7_B1,GEN
137,CA,BELLPGE_1_N001,LOAD
138,CA,BELLPGE_1_N005,LOAD
139,CA,BELLVUE_1_N001,LOAD
140,CA,BELLVUE_1_N003,LOAD
141,CA,BELLVUE_1_N005,LOAD
142,CA,BELMONT_1_N001,LOAD
143,CA,BELMONT_1_N006,LOAD
144,CA,BELMONT_1_N008,LOAD
145,CA,BELRIDGE_1_N001,LOAD
146,CA,BERESFRD_6_N001,LOAD
147,CA,BERESFRD_6_N002,LOAD
148,CA,BERNARDO_6_N001,LOAD
149,CA,BERNARDO_6_N002,LOAD
150,CA,BERNARDO_6_N009,LOAD
151,CA,BERNARDO_6_N013,LOAD
152,CA,BERNARDO_6_N014,LOAD
153,CA,BERVLLY_6_N001,LOAD
154,CA,BIGBASN_6_N001,LOAD
155,CA,BIGCRK1_7_N001,LOAD
156,CA,BIGMDWS_6_N001,LOAD
157,CA,BIGRIVR_6_N001,LOAD
158,CA,BIOLA_6_N001,LOAD
159,CA,BIOPWR_7_N001,GEN
160,CA,BIXLER_6_N001,LOAD
161,CA,BKRSFLD_2_N001,LOAD
162,CA,BKRSFLD_2_N101,LOAD
163,CA,BLAST_7_N005,GEN
164,CA,BLCH38750_7_B1,GEN
165,CA,BLCH38751_7_B1,GEN
166,CA,BLLEHVN_6_N001,LOAD
167,CA,BLLEHVN_6_N002,LOAD
168,CA,BLLEHVN_6_N004,LOAD
169,CA,BLLEHVN_6_N006,LOAD
170,CA,BLLEHVN_6_N007,LOAD
171,CA,BLLEHVN_6_N009,GEN
172,CA,BLUELKE_6_N001,LOAD
173,CA,BLUSTNPP_6_N003,LOAD
174,CA,BLYTHESC_1_N005,LOAD
175,CA,BNAVSTA_6_N001,LOAD
176,CA,BNAVSTA_6_N002,LOAD
177,CA,BNTACRB_6_N001,LOAD
178,CA,BOGARD_6_N001,LOAD
179,CA,BOGUE_1_N001,LOAD
180,CA,BOGUE_1_N201,LOAD
181,CA,BOLINAS_6_N001,LOAD
182,CA,BOLLMAN_1_N003,LOAD
183,CA,BOLTHSE_1_N009,LOAD
184,CA,BONITA_6_N001,LOAD
185,CA,BONNIEN_7_N001,LOAD
186,CA,BONNIEN_7_N002,GEN
187,CA,BORDEN_2_N007,LOAD
188,CA,BORDEN_2_N008,GEN
189,CA,BORDER_6_N001,LOAD
190,CA,BORDER_6_N008,LOAD
191,CA,BORONDA_6_N001,LOAD
192,CA,BORREGO_6_N009,GEN
193,CA,BOSWELL_6_N001,LOAD
194,CA,BOWLES_6_N001,LOAD
195,CA,BRDGVLT_7_N001,LOAD
196,CA,BRDGVLT_7_N002,GEN
197,CA,BRDWAYB3_7_B1,GEN
198,CA,BRENTWOD_2_N001,LOAD
199,CA,BRENTWOD_2_N006,LOAD
200,CA,BRENTWOD_2_N011,LOAD
201,CA,BRITTN_1_N001,LOAD
202,CA,BRITTN_1_N005,LOAD
203,CA,BRITTN_1_N006,LOAD
204,CA,BRKRSLG_1_N005,LOAD
205,CA,BRNYFRST_7_B1,GEN
206,NV,BROCKWAY_LNODE01,LOAD
207,NV,BROCKWAY_LNODE02,LOAD
208,NV,BROCKWAY_LNODE51,LOAD
209,NV,BROCKWAY_LNODE52,LOAD
210,CA,BRRNDAA_6_N001,LOAD
211,CA,BRRNDAC_6_N001,LOAD
212,CA,BRUNSWCK_1_N003,LOAD
213,CA,BRUNSWCK_1_N008,LOAD
214,CA,BRUNSWCK_1_N101,LOAD
215,CA,BRWNSVY_6_N001,LOAD
216,CA,BSPHYD26_7_N001,GEN
217,CA,BSPHYD34_1_N001,GEN
218,CA,BUCKWND_1_N001,GEN
219,CA,BUCKWND_1_N101,GEN
220,CA,BUCKWND_1_N201,GEN
221,CA,BUELLTON_1_N001,LOAD
222,CA,BUELLTON_1_N003,LOAD
223,CA,BUENAVS1_7_B1,LOAD
224,CA,BUENAVS1_7_B3,LOAD
225,CA,BUENAVS1_7_B4,LOAD
226,CA,BUENAVS1_7_B5,LOAD
227,CA,BUENAVS1_7_B6,LOAD
228,CA,BUENAVS1_7_B7,LOAD
229,CA,BUENAVS2_7_B1,LOAD
230,CA,BUENAVS2_7_B3,LOAD
231,CA,BUENAVS2_7_B4,LOAD
232,CA,BUENAVS2_7_B5,LOAD
233,CA,BUENAVT_2_N006,GEN
234,CA,BULLARD_1_N001,LOAD
235,CA,BULLARD_1_N004,LOAD
236,CA,BULLARD_1_N005,LOAD
237,CA,BULLARD_1_N006,LOAD
238,CA,BULLARD_1_N009,GEN
239,CA,BURLNGME_1_N001,LOAD
240,CA,BUTTE_1_N010,LOAD
241,CA,BUTTE_1_N101,LOAD
242,CA,BUTTVLLY_7_B1,GEN
243,CA,B_6_N001,LOAD
244,CA,B_6_N003,LOAD
245,CA,B_6_N005,LOAD
246,CA,B_6_N007,LOAD
247,CA,C493GEN_7_N003,GEN
248,CA,CABAZON_7_B1,GEN
249,CA,CABRILLO_1_N001,LOAD
250,CA,CABRILLO_6_N001,LOAD
251,CA,CABRILLO_6_N004,LOAD
252,CA,CABRILLO_6_N011,GEN
253,CA,CALAVE_1_N001,LOAD
254,CA,CALAVE_1_N002,LOAD
255,CA,CALAVE_1_N004,LOAD
256,CA,CALCMENT_6_N101,LOAD
257,CA,CALCMENT_6_N151,LOAD
258,CA,CALISTGA_6_N001,LOAD
259,CA,CALLENDR_1_N001,LOAD
260,CA,CALPELLA_1_N001,LOAD
261,NV,CALSUB_LNODEET,LOAD
262,CA,CAMBRIA_6_N001,LOAD
263,CA,CAMDEN_6_N001,LOAD
264,CA,CAMDEN_6_N002,LOAD
265,CA,CAMERON_6_N001,LOAD
266,CA,CAMINO_2_N001,LOAD
267,CA,CAMPHORA_6_N001,LOAD
268,CA,CAMPHORA_6_N003,LOAD
269,CA,CANAL_6_N001,LOAD
270,CA,CANAL_6_N006,LOAD
271,CA,CANTGEN_7_N002,GEN
272,CA,CAPAY_6_N001,LOAD
273,CA,CAPSTRNO_1_N001,LOAD
274,CA,CAPSTRNO_1_N006,LOAD
275,CA,CAPSTRNO_1_N016,GEN
276,CA,CAPWIND_1_B1,GEN
277,CA,CARBOGEN_7_B1,GEN
278,CA,CARBONA_6_N003,LOAD
279,CA,CARBONA_6_N101,LOAD
280,CA,CARLOTTA_6_N001,LOAD
281,CA,CARLOTTA_6_N003,LOAD
282,CA,CARLTNHS_1_N001,LOAD
283,CA,CARLTNHS_1_N004,LOAD
284,CA,CARLTNHS_1_N011,GEN
285,CA,CARLTNHS_1_N012,GEN
286,CA,CARNATIO_6_N001,LOAD
287,CA,CARNERAS_6_N001,LOAD
288,CA,CAROLNDS_6_N001,LOAD
289,CA,CAROLNDS_6_N002,LOAD
290,CA,CARQUINZ_1_N001,LOAD
291,CA,CARQUINZ_1_N002,LOAD
292,CA,CARRIZO_1_N001,LOAD
293,CA,CARTWRT_1_N001,LOAD
294,CA,CARTWRT_1_N010,LOAD
295,CA,CARUTHRS_6_N001,LOAD
296,CA,CASTROVL_2_N001,LOAD
297,CA,CASTROVL_2_N003,LOAD
298,CA,CASTROVL_2_N006,LOAD
299,CA,CASTROVL_2_N009,GEN
300,CA,CATALGEN_7_N001,GEN
301,CA,CATALYST_7_N001,LOAD
302,CA,CATALYST_7_N002,GEN
303,CA,CATLETT_6_N001,LOAD
304,CA,CAVLSRGN_7_B1,GEN
305,CA,CAWELOB_6_N001,LOAD
306,CA,CAWELOC_1_N001,LOAD
307,CA,CAYUCOS_6_N001,LOAD
308,CA,CAYUCOS_6_N006,LOAD
309,CA,CCOS6_7_B1,GEN
310,CA,CCOS7_7_B1,GEN
311,CA,CCOSTA_2_N001,LOAD
312,CA,CCSUB_1_N001,LOAD
313,CA,CCSUB_2_N001,LOAD
314,CA,CCSUB_2_N010,LOAD
315,CA,CCSUB_6_N024,GEN
316,PACW,CEDARVIL_LNODED1,LOAD
317,CA,CEDRCRK_6_N001,GEN
318,CA,CEDRCRK_6_N101,LOAD
319,CA,CENTERS_6_N001,LOAD
320,CA,CENTERS_6_N004,GEN
321,CA,CENTERS_6_N200,LOAD
322,CA,CERTTEED_1_N001,LOAD
323,CA,CERTTEED_1_N002,LOAD
324,CA,CHALKCLF_7_N001,GEN
325,CA,CHALLNGE_6_N001,LOAD
326,CA,CHANNEL_6_N001,LOAD
327,CA,CHARKA_1_N001,LOAD
328,CA,CHCARITA_1_N001,LOAD
329,CA,CHCARITA_1_N004,LOAD
330,CA,CHCARITA_1_N008,LOAD
331,CA,CHCARITA_1_N012,GEN
332,CA,CHENY_1_N001,LOAD
333,CA,CHEROKEE_6_N001,LOAD
334,CA,CHESTER_6_N001,LOAD
335,CA,CHEVGEN1_7_B1,GEN
336,CA,CHEVGEN2_7_B1,GEN
337,CA,CHEVMAIN_6_N004,GEN
338,CA,CHICOA_6_N001,LOAD
339,CA,CHICOA_6_N010,LOAD
340,CA,CHICOB_1_N001,LOAD
341,CA,CHICOB_1_N002,LOAD
342,CA,CHINO_6_N003,GEN
343,CA,CHINO_6_N007,LOAD
344,CA,CHINO_6_N008,LOAD
345,CA,CHINO_6_N009,GEN
346,CA,CHINO_6_N020,GEN
347,CA,CHIPARK_7_B1,GEN
348,CA,CHLDHOSP_1_N001,LOAD
349,CA,CHOLLAS_6_N001,LOAD
350,CA,CHOLLAS_6_N008,LOAD
351,CA,CHOLLAS_6_N009,LOAD
352,CA,CHOWCOGN_7_N001,GEN
353,CA,CHSTN_1_N001,LOAD
354,CA,CHWCHLA2_7_N001,GEN
355,CA,CHWCHLLA_1_N001,LOAD
356,CA,CHWCHLLA_1_N002,LOAD
357,CA,CICCOGN_7_N001,LOAD
358,CA,CICCOGN_7_N002,GEN
359,CA,CIMA_2_N101,LOAD
360,CA,CIMGEN_7_B1,GEN
361,CA,CITYUKH_1_B1,LOAD
362,CA,CITYUKH_1_N001,GEN
363,CA,CLAIRMNT_6_N001,LOAD
364,CA,CLAIRMNT_6_N008,LOAD
365,CA,CLAMMNA_1_N001,LOAD
366,CA,CLARKRD_7_N001,LOAD
367,CA,CLARKRD_7_N002,GEN
368,CA,CLARKRD_7_N003,GEN
369,CA,CLARMNT_1_N001,LOAD
370,CA,CLARMNT_1_N028,GEN
371,CA,CLAYTN_1_N001,LOAD
372,CA,CLAYTN_1_N004,LOAD
373,CA,CLAYTN_1_N029,LOAD
374,CA,CLAYTN_1_N030,LOAD
375,CA,CLAY_6_N001,LOAD
376,CA,CLEARGEN_6_N004,GEN
377,PACW,CLEARLAO_LNODE44,LOAD
378,CA,CLERLKE_6_N001,LOAD
379,CA,CLERLKE_6_N012,LOAD
380,CA,CLMBAHL_6_N001,LOAD
381,CA,CLOVIS_1_N001,LOAD
382,CA,CLOVIS_1_N004,LOAD
383,CA,CLOVIS_1_N101,LOAD
384,CA,CLOVRDLE_1_N001,LOAD
385,CA,CLRKSVLE_1_N001,LOAD
386,CA,CLRKSVLE_1_N003,LOAD
387,CA,CLRKSVLE_1_N004,LOAD
388,CA,CLSAJCT_6_N001,LOAD
389,CA,CMPEVRS_1_N001,LOAD
390,CA,CMPEVRS_1_N002,LOAD
391,CA,CNTRYCB_6_N001,LOAD
392,CA,CNTRYCB_6_N002,LOAD
393,CA,CNTRYCB_6_N004,LOAD
394,CA,CNTRYCB_6_N006,LOAD
395,CA,COGNTNL_7_B1,GEN
396,CA,COLGATE1_7_B1,GEN
397,CA,COLGATE2_7_B1,GEN
398,CA,COLLRVL1_7_B1,GEN
399,CA,COLLRVL2_7_B1,GEN
400,CA,COLNGA1_6_N001,LOAD
401,CA,COLNGA1_6_N002,LOAD
402,CA,COLNGA2_6_N001,LOAD
403,CA,COLNGAGN_7_B1,GEN
404,CA,COLONY_6_N001,LOAD
405,CA,COLUMBUS_1_N001,LOAD
406,CA,COLUMBUS_1_N003,LOAD
407,CA,COLUMBUS_1_N005,LOAD
408,CA,COLUSA_6_N001,LOAD
409,CA,COLUSA_6_N004,LOAD
410,CA,COLWATER_1_N001,LOAD
411,CA,COLWATER_1_N002,LOAD
412,CA,CONCHO_1_N002,LOAD
413,CA,CONTADNA_1_N001,LOAD
414,CA,CONTROLX_1_N001,LOAD
415,CA,CONTROLX_1_N002,GEN
416,CA,CONTROLX_1_N003,GEN
417,CA,CONTROLX_1_N004,GEN
418,CA,CONTROLX_1_N005,GEN
419,CA,CONTROLX_1_N008,GEN
420,CA,CONTROLX_1_N009,GEN
421,CA,CONTROLX_1_N010,GEN
422,CA,CONTROL_1_N034,GEN
423,CA,CONTROL_7_N001,LOAD
424,PACW,COPCO1_NODE1,GEN
425,PACW,COPCO1_NODE2,GEN
426,PACW,COPCO2_LNODE21,LOAD
427,PACW,COPCO2_NODE1,GEN
428,PACW,COPCO2_NODE2,GEN
429,CA,COPUS_6_N001,LOAD
430,CA,CORCORAN_1_N001,LOAD
431,CA,CORCORAN_1_N005,LOAD
432,CA,CORDELIA_6_N001,LOAD
433,CA,CORDPMP_6_N003,LOAD
434,CA,CORNING_6_N004,LOAD
435,CA,CORNING_6_N006,LOAD
436,CA,CORNING_6_N102,LOAD
437,CA,CORONADO_6_N001,LOAD
438,CA,CORONADO_6_N002,LOAD
439,CA,CORONA_1_N001,LOAD
440,CA,CORRAL_6_N001,LOAD
441,CA,CORRAL_6_N003,LOAD
442,CA,CORSGOLD_1_N001,LOAD
443,CA,CORSGOLD_1_N003,LOAD
444,CA,CORTINA_1_N106,LOAD
445,CA,COTATI_6_N101,LOAD
446,CA,COTATI_6_N102,LOAD
447,CA,COTTLEA_2_N001,LOAD
448,CA,COTTLE_7_N001,LOAD
449,CA,COTTLE_7_N002,GEN
450,CA,COTWDPGE_1_N001,LOAD
451,CA,COTWDPGE_1_N024,GEN
452,CA,COVELO6_6_N001,LOAD
453,CA,COVERD_7_B1,GEN
454,CA,CPBORDER_7_B1,GEN
455,CA,CPCSTCN_7_B1,GEN
456,CA,CPELCAJN_7_B1,GEN
457,CA,CPESCNDO_7_A1,GEN
458,CA,CPESCNDO_7_B1,GEN
459,CA,CPLECEF_1_N001,LOAD
460,CA,CPLECEF_1_N005,LOAD
461,CA,CRBU38812_7_B1,GEN
462,CA,CRBU38812_7_B3,GEN
463,CA,CRCANAL_6_N001,LOAD
464,CA,CRCKTCOG_7_N001,GEN
465,CA,CREEDGT1_7_GN001,GEN
466,CA,CREELMAN_6_N001,LOAD
467,CA,CREELMAN_6_N004,LOAD
468,CA,CREELMAN_6_N014,LOAD
469,CA,CRESSEY_1_N001,LOAD
470,CA,CRESSEY_1_N003,GEN
471,CA,CRESTWD_6_N001,LOAD
472,CA,CRSTNTS_6_N001,LOAD
473,CA,CRUSHER_6_N001,LOAD
474,CA,CRWSLDG_6_N001,LOAD
475,CA,CRYSTLSG_6_N001,LOAD
476,CA,CSCCCA_7_B2,GEN
477,CA,CSCGNRA1_7_N101,GEN
478,CA,CSCGNRA2_7_N101,GEN
479,CA,CSTRVLLE_1_N001,LOAD
480,CA,CSTRVLLE_1_N003,GEN
481,CA,CSTRVLLE_1_N004,GEN
482,CA,CTRPKGEN_7_B1,GEN
483,CA,CURTIS1_7_N001,LOAD
484,CA,CURTISS_1_N010,GEN
485,CA,CURTISS_1_N101,LOAD
486,CA,CYMRIC_1_N001,LOAD
487,CA,CYMRIC_1_N004,GEN
488,CA,DAIRYLND_1_N001,LOAD
489,CA,DALYCTY_1_N001,LOAD
490,CA,DALYCTY_1_N005,LOAD
491,CA,DALYCTY_1_N016,GEN
492,CA,DANISHCM_1_N001,LOAD
493,CA,DAVIS_1_N001,LOAD
494,CA,DAVIS_1_N007,LOAD
495,CA,DAVIS_1_N012,LOAD
496,CA,DAVIS_1_N018,GEN
497,CA,DAVIS_1_N029,GEN
498,CA,DAVIS_1_N030,GEN
499,CA,DAWNLS_7_N001,GEN
500,CA,DECCTG1_7_B1,GEN
501,CA,DECCTG2_7_B1,GEN
502,CA,DECCTG3_7_B1,GEN
503,CA,DECPTSG_2_N001,LOAD
504,CA,DECPTSG_2_N018,LOAD
505,CA,DECSTG1_7_B1,GEN
506,CA,DEEPWATR_1_N101,LOAD
507,CA,DEEPWATR_1_N104,LOAD
508,CA,DELAMO_2_N001,LOAD
509,CA,DELAMO_2_N014,LOAD
510,CA,DELAMO_2_N022,LOAD
511,CA,DELAMO_2_N050,GEN
512,CA,DELMAR_6_N001,LOAD
513,CA,DELMAR_6_N001A,LOAD
514,CA,DELMAR_6_N005,LOAD
515,CA,DELMAR_6_N010,LOAD
516,CA,DELMAR_6_N011,LOAD
517,CA,DELMNTE_1_N010,LOAD
518,CA,DELMNTE_1_N201,LOAD
519,PACW,DELNORTE_LNODE50,LOAD
520,PACW,DELNORTE_LNODE51,LOAD
521,CA,DELTAPMP_2_N008,GEN
522,CA,DERRICK_6_N002,GEN
523,CA,DERRICK_6_N003,GEN
524,CA,DESABLA_7_B1,GEN
525,CA,DESCANSO_6_N001,LOAD
526,CA,DEVERS_1_N057,GEN
527,CA,DEVERS_1_N081,GEN
528,CA,DEVERS_1_N103,GEN
529,CA,DEVLDNPP_6_N003,LOAD
530,CA,DEVLSDN_6_N001,LOAD
531,CA,DEXZEL_1_N001,GEN
532,CA,DFS_1_N001,LOAD
533,CA,DGPAN1_7_B1,GEN
534,CA,DGVADIX_7_B1,GEN
535,CA,DIABLO1_7_B1,GEN
536,CA,DIABLO1_7_N001,LOAD
537,CA,DIABLO2_7_B1,GEN
538,CA,DIABLO2_7_N001,LOAD
539,CA,DIABLOCN_2_N001,LOAD
540,CA,DINUBAE_7_B2,GEN
541,CA,DINUBAE_7_N001,LOAD
542,CA,DINUBA_6_N001,LOAD
543,CA,DINUBA_6_N005,LOAD
544,CA,DIRYVLLE_6_N001,LOAD
545,CA,DISCOVRY_7_N002,GEN
546,CA,DIVISION_6_N001,LOAD
547,CA,DIVISION_6_N009,LOAD
548,CA,DIVVIDE_1_N001,LOAD
549,CA,DIVVIDE_1_N012,LOAD
550,CA,DIXON-J1_6_N101,LOAD
551,CA,DIXONLD_1_N001,LOAD
552,CA,DIXONLD_1_N002,LOAD
553,CA,DIXONLD_1_N008,LOAD
554,CA,DIXON_6_B1,LOAD
555,CA,DIXON_6_N002,LOAD
556,CA,DMNDSPR_1_N001,LOAD
557,CA,DMNDSPR_1_N003,LOAD
558,CA,DMTARSL_1_N001,LOAD
559,CA,DOBBINS_6_N001,LOAD
560,CA,DOLANRD_1_N001,LOAD
561,CA,DOMTAR_1_N001,LOAD
562,CA,DONNELLS_7_B1,GEN
563,NV,DONNER_LNODE07,LOAD
564,PACW,DORRIS_LNODE06,LOAD
565,CA,DOSPALS_6_N001,LOAD
566,CA,DOUBLEC_7_B1,GEN
567,CA,DRUM5_7_B1,GEN
568,CA,DSAMIGO_2_N011,GEN
569,CA,DTCHFLT1_7_B1,GEN
570,CA,DTCHFLT2_7_B1,GEN
571,CA,DUKMOSS1_7_B1,GEN
572,CA,DUKMOSS1_7_N001,LOAD
573,CA,DUKMOSS2_7_B1,GEN
574,CA,DUKMOSS2_7_N001,LOAD
575,CA,DUKMOSS3_7_B2,GEN
576,CA,DUKMOSS3_7_N001,LOAD
577,CA,DUKMOSS3_7_N002,LOAD
578,CA,DUKMOSS4_7_B1,GEN
579,CA,DUKMOSS4_7_N001,LOAD
580,CA,DUKMOSS5_7_B1,GEN
581,CA,DUKMOSS5_7_N001,LOAD
582,CA,DUKMOSS6_7_B2,GEN
583,CA,DUKMOSS6_7_N001,LOAD
584,CA,DUKMOSS6_7_N002,LOAD
585,CA,DUMBARTN_1_N001,LOAD
586,CA,DUMBARTN_1_N003,LOAD
587,CA,DUMBARTN_1_N011,LOAD
588,CA,DUNBAR_6_N001,LOAD
589,CA,DUNBAR_6_N002,LOAD
590,CA,DUNHILL_6_N001,LOAD
591,CA,DUNLAP_6_N001,LOAD
592,CA,DUNNIGAN_6_N001,LOAD
593,CA,DUNNSIDE_1_N001,LOAD
594,CA,DVLCYN1G_7_B1,GEN
595,CA,DVLCYN2G_7_B1,GEN
596,CA,DVLCYN3G_7_B1,GEN
597,CA,DVLCYN4G_7_B1,GEN
598,CA,EAGLEMTN_2_N001,LOAD
599,CA,EAGLEMTN_2_N002,LOAD
600,CA,EAGLROCK_2_N001,LOAD
601,CA,EAGLROCK_2_N012,LOAD
602,CA,EASTGATE_6_N004,GEN
603,CA,EASTGATE_6_N101,LOAD
604,CA,EASTGATE_6_N201,LOAD
605,CA,EASTWOOD_7_B1,GEN
606,CA,EBMUDGRY_1_N001,LOAD
607,CA,EDENVALE_1_N001,LOAD
608,CA,EDENVALE_1_N004,LOAD
609,CA,EDENVALE_1_N006,LOAD
610,CA,EDENVALE_1_N008,LOAD
611,CA,EDES_1_N001,LOAD
612,CA,EDES_1_N003,LOAD
613,CA,EDMON1AP_7_N001,LOAD
614,CA,EDMON2AP_7_N001,LOAD
615,CA,EDMON3AP_7_N001,LOAD
616,CA,EDMON3AP_7_N002,LOAD
617,CA,EDMON4AP_7_N001,LOAD
618,CA,EDMON4AP_7_N002,LOAD
619,CA,EDMON5AP_7_N001,LOAD
620,CA,EDMON5AP_7_N002,LOAD
621,CA,EDMON6AP_7_N001,LOAD
622,CA,EDMON6AP_7_N002,LOAD
623,CA,EDMON7AP_7_N001,LOAD
624,CA,EDMON7AP_7_N002,LOAD
625,CA,EDMON8AP_7_N001,LOAD
626,CA,EDMON8AP_7_N002,LOAD
627,CA,EDMONSTN_2_N023,GEN
628,CA,EDWARDS_1_N001,LOAD
629,CA,EELRIVR_6_N001,LOAD
630,CA,EIGHTMI_2_N017,LOAD
631,CA,EISENHOW_1_N001,LOAD
632,CA,EISEN_6_N001,LOAD
633,CA,ELCAJNEG_7_GN001,GEN
634,CA,ELCAJNGT_7_B3,GEN
635,CA,ELCAJNGT_7_N001,LOAD
636,CA,ELCAJNGT_7_N004,LOAD
637,CA,ELCAPTN_1_N001,LOAD
638,CA,ELCAPTN_1_N004,LOAD
639,CA,ELCAPTN_1_N005,LOAD
640,CA,ELCRRTO_1_N001,LOAD
641,CA,ELCRRTO_1_N023,LOAD
642,CA,ELDORU1_7_B2,GEN
643,CA,ELKCREEK_6_N001,LOAD
644,CA,ELKCREEK_6_N003,GEN
645,CA,ELKHIL1G_7_B2,GEN
646,CA,ELKHIL1G_7_N001,LOAD
647,CA,ELKHIL2G_7_B2,GEN
648,CA,ELKHIL2G_7_N001,LOAD
649,CA,ELKHIL3G_7_B1,GEN
650,CA,ELK_6_N001,LOAD
651,CA,ELLIOTT_6_N001,LOAD
652,CA,ELLIOTT_6_N004,LOAD
653,CA,ELLIS_6_N001,LOAD
654,CA,ELLIS_6_N003,GEN
655,CA,ELLIS_6_N006,GEN
656,CA,ELLIS_6_N105,LOAD
657,CA,ELLSGTY_1_N001,LOAD
658,CA,ELNIDBIO_6_N001,GEN
659,CA,ELNIDO_1_N001,LOAD
660,CA,ELNIDO_1_N004,LOAD
661,CA,ELNIDO_2_N001,LOAD
662,CA,ELNIDO_2_N012,LOAD
663,CA,ELPATIO_1_N001,LOAD
664,CA,ELPATIO_1_N006,LOAD
665,CA,ELPATIO_1_N015,LOAD
666,CA,ELSEG3G_7_B1,GEN
667,CA,ELSEG4G_7_B1,GEN
668,CA,EMBRCDR_2_N001,LOAD
669,CA,EMBRCDR_2_N008,LOAD
670,CA,EMBRCDR_2_N101,LOAD
671,CA,EMBRCDR_2_N104,LOAD
672,CA,EMRLDLE_6_N001,LOAD
673,CA,EMRYSVE_1_N001,LOAD
674,CA,EMRYSVE_1_N003,LOAD
675,CA,ENCANWND_6_N001,GEN
676,CA,ENCINA1_7_B1,GEN
677,CA,ENCINA2_7_B1,GEN
678,CA,ENCINA3_7_B1,GEN
679,CA,ENCINA4_7_B1,GEN
680,CA,ENCINA5_7_B1,GEN
681,CA,ENCINAGT_7_B11,GEN
682,CA,ENCINAL_6_N001,LOAD
683,CA,ENCINA_1_N001,LOAD
684,CA,ENCINA_1_N049,LOAD
685,CA,ENCNITAS_6_N001,LOAD
686,CA,ENCNITAS_6_N004,LOAD
687,CA,ENCNITAS_6_N011,LOAD
688,CA,ERTA_6_N001,LOAD
689,CA,ESCNDIDO_6_N001,LOAD
690,CA,ESCNDIDO_6_N046,LOAD
691,CA,ESCNDIDO_6_N053,LOAD
692,CA,ESCO_6_N001,LOAD
693,CA,ESCO_6_N004,LOAD
694,CA,ESQUON_6_N001,LOAD
695,CA,ESTGRND_1_N001,LOAD
696,CA,ESTGRND_1_N005,LOAD
697,CA,ESTGRND_1_N009,LOAD
698,CA,ESTPRTL_1_N001,LOAD
699,CA,ESTQNCY_6_N001,LOAD
700,CA,ETIWANDA_2_N006,LOAD
701,CA,ETIWANDA_6_GN001,GEN
702,CA,ETIWANDA_6_GN003,GEN
703,CA,ETIWANDA_6_N001,LOAD
704,CA,ETIWANDA_6_N003,LOAD
705,CA,ETIWANDA_6_N004,GEN
706,CA,ETIWANDA_6_N006,GEN
707,CA,ETIWANDA_6_N007,GEN
708,CA,ETIWANDA_6_N008,GEN
709,CA,ETIWANDA_6_N011,GEN
710,CA,ETIWANDA_6_N015,GEN
711,CA,ETIWANDA_6_N016,GEN
712,CA,ETIWANDA_6_N018,GEN
713,CA,ETIWANDA_6_N019,GEN
714,CA,ETWPKGEN_7_B1,GEN
715,CA,EUREKAA_6_N001,LOAD
716,CA,EUREKA_6_N001,LOAD
717,PACW,EVERGBIO_NODEO,GEN
718,CA,EVRGREEN_1_N001,LOAD
719,CA,EVRGREEN_1_N019,LOAD
720,CA,EXCHQUER_7_B1,GEN
721,CA,EXXONBH_7_B2,GEN
722,CA,EXXONBH_7_N001,LOAD
723,CA,FAIRHAVN_6_N001,LOAD
724,CA,FAIRHAVN_7_B1,GEN
725,CA,FAIRWAY_1_N001,LOAD
726,CA,FAIRWAY_1_N002,LOAD
727,CA,FAMOSO_1_N001,LOAD
728,CA,FAMOSO_6_N008,GEN
729,CA,FARREL_1_N001,LOAD
730,CA,FARREL_1_N002,LOAD
731,CA,FAYETTE_1_B1,GEN
732,CA,FBERBORD_1_N001,GEN
733,CA,FELICITA_6_N001,LOAD
734,CA,FELICITA_6_N005,LOAD
735,CA,FELICITA_6_N009,LOAD
736,CA,FELLOWSG_7_N001,LOAD
737,CA,FELLOWSG_7_N002,GEN
738,CA,FENTON_6_N001,LOAD
739,CA,FIGARDN_2_N001,LOAD
740,CA,FIGARDN_2_N101,LOAD
741,CA,FIREBAGH_6_N001,LOAD
742,CA,FLINT_1_N001,LOAD
743,CA,FLOWD3-6_7_N100,GEN
744,CA,FLOWD3-6_7_N101,GEN
745,CA,FLOWND1_1_N01,GEN
746,CA,FMC_1_N001,LOAD
747,CA,FMC_1_N003,LOAD
748,CA,FOOTHILL_1_N001,LOAD
749,CA,FORKBUTT_7_B1,GEN
750,CA,FORSTHL_6_N001,LOAD
751,CA,FORTORD_6_N001,LOAD
752,CA,FORTRSS_6_N001,LOAD
753,CA,FOSTERW_7_N001,LOAD
754,CA,FOSTERW_7_N004,GEN
755,CA,FRANKLIN_6_N003,LOAD
756,CA,FREC_7_B1,GEN
757,CA,FREMNT_1_N001,LOAD
758,CA,FREMNT_1_N007,LOAD
759,CA,FREMNT_1_N013,LOAD
760,CA,FRIANTDM_7_B1,GEN
761,CA,FRIARS_1_N001,LOAD
762,CA,FRIARS_1_N009,LOAD
763,CA,FRNCHGLH_6_N001,LOAD
764,CA,FRNCHMD_7_B1,GEN
765,CA,FROGTOWN_7_N001,LOAD
766,CA,FRTSWRD_6_N001,LOAD
767,CA,FRTSWRD_6_N004,GEN
768,CA,FRUITLND_6_N001,LOAD
769,CA,FRUITVLE_6_N001,LOAD
770,CA,FRUITVLE_6_N101,LOAD
771,CA,FTCHMTN_6_N001,LOAD
772,CA,FTCHMTN_6_N003,LOAD
773,CA,FULTON_1_N020,GEN
774,CA,FULTON_2_N010,LOAD
775,CA,FULTON_2_N049,LOAD
776,CA,F_6_N001,LOAD
777,CA,F_6_N002,LOAD
778,CA,F_6_N005,LOAD
779,CA,GABILAN_6_N001,LOAD
780,CA,GALE_1_N001,LOAD
781,CA,GANSNER_6_N101,LOAD
782,CA,GANSO_1_N001,LOAD
783,CA,GARCIA_6_N001,LOAD
784,CA,GAREY_1_N002,LOAD
785,CA,GARFIELD_6_N001,LOAD
786,CA,GARNET_1_N106,GEN
787,CA,GARNET_7_N001,LOAD
788,CA,GARNET_7_N003,GEN
789,CA,GARNET_7_N006,GEN
790,CA,GARNET_7_N008,GEN
791,CA,GARNET_7_N009,GEN
792,PACW,GASQUET_LNODE42,LOAD
793,CA,GATESBK4_7_N002,GEN
794,CA,GATESBK4_7_N003,GEN
795,CA,GENESEE_6_N001,LOAD
796,CA,GENESEE_6_N005,LOAD
797,CA,GENESEE_6_N011,LOAD
798,CA,GENESEE_6_N015,LOAD
799,CA,GENE_2_N001,LOAD
800,CA,GEOENGY_7_B3,GEN
801,CA,GERBER_6_N101,LOAD
802,CA,GEYSER11_7_B1,GEN
803,CA,GEYSER12_7_B1,GEN
804,CA,GEYSER13_7_N001,GEN
805,CA,GEYSER14_7_N001,GEN
806,CA,GEYSER16_7_B1,GEN
807,CA,GEYSER17_7_B1,GEN
808,CA,GEYSER18_7_B1,GEN
809,CA,GEYSER20_7_B1,GEN
810,CA,GEYSER78_7_B1,GEN
811,CA,GEYSER78_7_B3,GEN
812,CA,GEYSR5-6_7_B2,GEN
813,CA,GEYSR5-6_7_B3,GEN
814,CA,GEYSR5-6_7_N001,LOAD
815,CA,GIFFEN_6_N001,LOAD
816,CA,GIFFGEN_7_N002,GEN
817,CA,GILROYF_1_N001,LOAD
818,CA,GIRVAN_6_N001,LOAD
819,CA,GLDTGEN_7_N002,GEN
820,CA,GLENCLIF_6_N001,LOAD
821,NV,GLENSHIR_LNODERE,LOAD
822,CA,GLENWOOD_6_N001,LOAD
823,CA,GLENWOOD_6_N004,LOAD
824,CA,GLENWOOD_6_N005,LOAD
825,CA,GLNARMC1_7_B1,GEN
826,CA,GLNARMC2_7_B1,GEN
827,CA,GLNARMC3_7_B1,GEN
828,CA,GLNARMC4_7_B1,GEN
829,CA,GLRYCGG1_7_B2,GEN
830,CA,GLRYCGG1_7_N001,LOAD
831,CA,GOALLINE_6_N001,GEN
832,CA,GOLDHILL_1_N033,GEN
833,CA,GOLDTREE_1_N001,LOAD
834,CA,GOLDTREE_1_N002,LOAD
835,CA,GOLETA_6_N002,GEN
836,CA,GOLETA_6_N003,GEN
837,CA,GOLETA_6_N004,GEN
838,CA,GOLETA_6_N022,GEN
839,CA,GOLETA_6_N100,GEN
840,CA,GOLETA_6_N200,LOAD
841,CA,GONZALES_6_N001,LOAD
842,CA,GONZALES_6_N003,LOAD
843,CA,GONZALES_6_N004,GEN
844,CA,GOOSEHGT_7_GN001,GEN
845,CA,GORMAN_6_N001,LOAD
846,CA,GOSELKE_1_N001,LOAD
847,CA,GOULD_2_N001,LOAD
848,CA,GOULD_2_N007,LOAD
849,CA,GRANDIS_1_N004,LOAD
850,CA,GRANDIS_1_N009,LOAD
851,CA,GRANITE_6_N001,LOAD
852,CA,GRANITE_6_N007,LOAD
853,CA,GRANITE_6_N008,LOAD
854,CA,GRANITE_6_N009,LOAD
855,CA,GRANTRK_6_N001,LOAD
856,CA,GRANT_1_N001,LOAD
857,CA,GRANT_1_N005,LOAD
858,CA,GRBRVLLE_6_N001,LOAD
859,CA,GRDNEAST_1_N101,LOAD
860,CA,GRDNEAST_1_N102,LOAD
861,CA,GRDNWEST_1_N001,LOAD
862,CA,GREENBRE_6_N001,LOAD
863,CA,GREENBRE_6_N003,LOAD
864,CA,GRIDLEY_6_N004,GEN
865,CA,GRIMWAY_1_N001,LOAD
866,CA,GRIZZLYG_7_B1,GEN
867,CA,GRIZZLY_7_N101,GEN
868,CA,GRNLEAF1_7_N001,GEN
869,CA,GRNLEAF2_7_N001,GEN
870,CA,GRNTHLL_1_N001,LOAD
871,CA,GRNVALY_1_N001,LOAD
872,CA,GRNVALY_1_N011,LOAD
873,CA,GRNVALY_1_N025,GEN
874,CA,GROYPKR3_7_B1,GEN
875,CA,GRSSVLY_6_N101,LOAD
876,CA,GRYSFLT_6_N001,LOAD
877,CA,GUALALA_6_N001,LOAD
878,CA,GUSTINE_6_N001,LOAD
879,CA,GUSTINE_6_N002,LOAD
880,CA,GWF#1_7_B1,GEN
881,CA,GWF#2_7_B1,GEN
882,CA,GWF#3_7_B1,GEN
883,CA,GWF#4_7_N001,GEN
884,CA,GWF#5_7_B1,GEN
885,CA,GWFGT1_7_B1,GEN
886,CA,GWFGT2_7_B1,GEN
887,CA,GWFTRCY1_7_B1,GEN
888,CA,GWFTRCY2_7_B1,GEN
889,CA,GYSRVLLE_6_N001,LOAD
890,CA,GYSRVLLE_6_N003,LOAD
891,CA,GYSRVLLE_6_N005,GEN
892,CA,HAAS_7_B1,GEN
893,CA,HAAS_7_B11,GEN
894,CA,HALSEYF_7_B1,GEN
895,CA,HALSEYF_7_N001,LOAD
896,CA,HAMILTON_6_N001,LOAD
897,CA,HAMMER_6_N001,LOAD
898,CA,HAMMER_6_N003,LOAD
899,CA,HAMMER_6_N004,LOAD
900,CA,HAMMONDS_1_N001,LOAD
901,CA,HARBORG_7_B2,GEN
902,CA,HARBORG_7_B3,GEN
903,CA,HARBORG_7_B4,GEN
904,CA,HARBORG_7_N101,LOAD
905,CA,HARDING_6_N001,LOAD
906,CA,HARDING_6_N004,LOAD
907,CA,HARDWICK_6_N001,LOAD
908,CA,HARRIS_6_N001,LOAD
909,CA,HARRIS_6_N003,LOAD
910,CA,HARTER_6_N001,LOAD
911,CA,HARTER_6_N003,LOAD
912,CA,HARTLEY_6_N001,LOAD
913,CA,HATTON_6_N001,LOAD
914,CA,HAYPRES_7_B1,GEN
915,CA,HELMS1_7_B1,GEN
916,CA,HELMS2_7_B1,GEN
917,CA,HELMS3_7_B1,GEN
918,CA,HENRITTA_6_N101,LOAD
919,CA,HERDLYN_6_N001,LOAD
920,CA,HERDLYN_6_N007,GEN
921,CA,HICKS_2_N001,LOAD
922,CA,HICKS_2_N002,LOAD
923,CA,HICKS_2_N007,LOAD
924,CA,HICKS_2_N012,GEN
925,CA,HIDESERT_2_N001,LOAD
926,CA,HIDESERT_2_N018,LOAD
927,CA,HIGGINS_1_N001,LOAD
928,CA,HIGGINS_1_N002,LOAD
929,CA,HIGGINS_1_N004,LOAD
930,CA,HIGGINS_1_N007,GEN
931,CA,HIGHLD_1_N001,LOAD
932,CA,HIGHLD_1_N004,GEN
933,CA,HIGHLD_1_N005,LOAD
934,CA,HIGHWAY_1_N001,LOAD
935,CA,HIGHWAY_1_N002,LOAD
936,CA,HIGHWAY_1_N003,GEN
937,CA,HIGHWNDS_7_B1,GEN
938,CA,HILLGEN_7_B1,GEN
939,CA,HILLSDLE_6_N001,LOAD
940,CA,HILLSIDE_1_N001,LOAD
941,CA,HILLSIDE_1_N004,LOAD
942,CA,HINSON_6_N001,LOAD
943,CA,HISIERRA_7_B1,GEN
944,CA,HLFMNBY_6_N002,LOAD
945,CA,HLFMNBY_6_N004,LOAD
946,CA,HLFMNBY_6_N101,LOAD
947,CA,HMBLDTB_1_N08,GEN
948,CA,HMBLTBY_6_N003,LOAD
949,CA,HMBUNIT1_7_GN010,GEN
950,CA,HMBUNIT2_7_GN010,GEN
951,NV,HOBARTTP_LNODE19,LOAD
952,CA,HOLGATE_1_N001,GEN
953,CA,HOLGATE_1_N004,GEN
954,CA,HOLLISTR_1_N001,LOAD
955,CA,HOLLISTR_1_N004,LOAD
956,CA,HOLLISTR_1_N101,LOAD
957,CA,HOLM1_7_B1,GEN
958,CA,HOLM2_7_B1,GEN
959,CA,HOMEGRND_1_N001,LOAD
960,CA,HOMEPROC_1_N001,LOAD
961,CA,HONCUT_1_N001,LOAD
962,CA,HOOPA_6_N001,LOAD
963,CA,HORNO_6_N001,LOAD
964,CA,HORSESHE_1_N001,LOAD
965,CA,HORSESHE_1_N002,LOAD
966,CA,HPLNDJT_6_N001,LOAD
967,CA,HRIDGEGT_6_GN001,GEN
968,CA,HUNT1G_7_B1,GEN
969,CA,HUNT1G_7_N002,LOAD
970,CA,HUNT2G_7_B1,GEN
971,CA,HUNT2G_7_N002,LOAD
972,CA,HUNT3G_7_B1,GEN
973,CA,HUNT3G_7_N002,LOAD
974,CA,HUNT4G_7_B1,GEN
975,CA,HUNT4G_7_N002,LOAD
976,CA,HURONGEN_7_ND002,GEN
977,CA,HURON_6_N001,LOAD
978,CA,HYATT1_7_B1,GEN
979,CA,HYATT2_7_B1,GEN
980,CA,HYATT3_7_B1,GEN
981,CA,HYATT4_7_B1,GEN
982,CA,HYATT5_7_B1,GEN
983,CA,HYATT6_7_B1,GEN
984,CA,HYATT_2_N212,LOAD
985,CA,IBM-CTLE_1_N001,LOAD
986,CA,IBM-CTLE_1_N002,GEN
987,CA,IBM-HRRS_1_N001,LOAD
988,CA,IBM-HRRS_1_N101,LOAD
989,CA,ICEGEN_7_B1,GEN
990,CA,IENERGY_7_B1,GEN
991,CA,IGNACIO_1_N028,GEN
992,CA,IGNACIO_1_N102,LOAD
993,CA,IMHOFF_1_N001,LOAD
994,CA,IMPRLBCH_6_N001,LOAD
995,CA,IMPRLBCH_6_N004,LOAD
996,CA,INDIANV_7_B1,GEN
997,CA,INDIANW_1_N001,LOAD
998,CA,INDIANW_1_N005,LOAD
999,CA,INDIGOG1_7_B1,GEN
1000,CA,INDIGOG2_7_B1,GEN
1001,CA,INDIGOG3_7_B1,GEN
1002,CA,INDNFLT_6_N001,LOAD
1003,CA,INGRMC_1_N001,LOAD
1004,CA,INLANDG1_7_N002,GEN
1005,CA,INLANDG2_7_N002,GEN
1006,PACW,INTERNAT_LNODELD,LOAD
1007,CA,INTLTUR_6_B1,GEN
1008,CA,INYOKERN_1_N001,LOAD
1009,CA,INYOKERN_1_N008,LOAD
1010,PACW,IRONGATE_NODET,GEN
1011,CA,IRONMTN_2_N001,LOAD
1012,CA,IUKA_6_N001,LOAD
1013,CA,JACINTO_6_N001,LOAD
1014,CA,JAMACHA_6_N001,LOAD
1015,CA,JAMACHA_6_N006,LOAD
1016,CA,JAMACHA_6_N015,LOAD
1017,CA,JAMESON_1_N001,LOAD
1018,CA,JANSCRK_6_N001,LOAD
1019,CA,JANSCRK_6_N003,LOAD
1020,CA,JAPMESA_6_N001,LOAD
1021,CA,JAPMESA_6_N007,LOAD
1022,CA,JARVIS_1_N014,LOAD
1023,CA,JARVIS_1_N016,LOAD
1024,CA,JARVIS_1_N017,LOAD
1025,CA,JARVIS_1_N101,LOAD
1026,CA,JBBLACK1_7_B1,GEN
1027,CA,JBBLACK2_7_B1,GEN
1028,CA,JCBSCRNR_6_N001,LOAD
1029,CA,JCBSCRNR_6_N003,LOAD
1030,CA,JENNY_1_N001,LOAD
1031,CA,JENNY_1_N008,LOAD
1032,CA,JESSUP_1_GN001,GEN
1033,CA,JESSUP_1_N001,LOAD
1034,CA,JMSCNPMP_1_N001,LOAD
1035,CA,JOHANNA_2_N001,LOAD
1036,CA,JOHANNA_2_N007,LOAD
1037,CA,JOHANNA_2_N013,GEN
1038,CA,JOLON_6_N001,LOAD
1039,CA,JRWDGEN_1_N001,GEN
1040,CA,JRWOOD_1_N001,LOAD
1041,CA,JVENTER_2_N001,GEN
1042,CA,KAMM_1_N001,LOAD
1043,CA,KANAKA_1_N001,LOAD
1044,CA,KANAKA_1_N003,GEN
1045,CA,KANSASGN_7_N002,GEN
1046,CA,KCTYPKER_7_B1,GEN
1047,CA,KEARNEY_6_N001,LOAD
1048,CA,KEARNEY_6_N099,LOAD
1049,CA,KEARNEY_7_N001,LOAD
1050,CA,KEARNEY_7_N003,LOAD
1051,CA,KELSO_2_N001,LOAD
1052,CA,KERCK1G1_7_B2,GEN
1053,CA,KERCK1G2_7_B1,GEN
1054,CA,KERCK1G3_7_B1,GEN
1055,CA,KERCKHOF_7_B1,GEN
1056,CA,KERMAN_6_N001,LOAD
1057,CA,KERMAN_6_N002,LOAD
1058,CA,KERNFRNT_7_B1,GEN
1059,CA,KERNOIL_1_N001,LOAD
1060,CA,KERNOIL_1_N012,LOAD
1061,CA,KERNPWR_1_N002,LOAD
1062,CA,KERNPWR_1_N201,LOAD
1063,CA,KERNRDGE_1_N001,LOAD
1064,CA,KERNRDGE_1_N003,GEN
1065,CA,KERNRV_1_N001,LOAD
1066,CA,KERNWATR_1_N001,LOAD
1067,CA,KESWICK_6_N001,LOAD
1068,CA,KETTLEMN_6_N001,LOAD
1069,CA,KETTNER_6_N001,LOAD
1070,CA,KETTNER_6_N004,LOAD
1071,NV,KING BCH_GNODE 1,GEN
1072,NV,KING BCH_GNODE 2,GEN
1073,CA,KINGCTY_6_N001,LOAD
1074,CA,KINGCTY_6_N002,LOAD
1075,CA,KINGCTY_6_N005,LOAD
1076,CA,KINGSBRG_1_N001,LOAD
1077,CA,KINGSBRG_1_N008,LOAD
1078,CA,KINGSBRG_7_N002,GEN
1079,CA,KINGSBRG_7_N003,GEN
1080,CA,KINGSBUR_7_B1,GEN
1081,CA,KINGSRIV_7_B1,GEN
1082,CA,KIRKER_1_N001,LOAD
1083,CA,KIRKER_1_N005,LOAD
1084,CA,KIRKER_1_N006,LOAD
1085,CA,KNGHTSLD_1_N001,LOAD
1086,CA,KONOCTI6_6_N001,LOAD
1087,CA,KRAMER_1_N001,LOAD
1088,CA,KUMEYAAY_7_N001,GEN
1089,CA,KYOCERA_6_N001,LOAD
1090,CA,LAFRESA_6_N001,LOAD
1091,CA,LAFRESA_6_N003,GEN
1092,CA,LAFRESA_6_N007,LOAD
1093,CA,LAGNANL_1_N001,LOAD
1094,CA,LAGNANL_1_N002,LOAD
1095,CA,LAGNANL_1_N005,LOAD
1096,CA,LAGNANL_1_N006,LOAD
1097,CA,LAGUBELL_6_N001,LOAD
1098,CA,LAGUBELL_6_N005,GEN
1099,CA,LAGUBELL_6_N210,LOAD
1100,CA,LAGUNATP_6_N001,LOAD
1101,CA,LAGUNITS_6_N001,LOAD
1102,CA,LAJOLLA_6_N001,LOAD
1103,CA,LAJOLLA_6_N007,LOAD
1104,CA,LAKEVIEW_6_N101,LOAD
1105,CA,LAKEVLLE_1_N001,LOAD
1106,CA,LAKEWOOD_1_N001,LOAD
1107,CA,LAKEWOOD_1_N003,LOAD
1108,CA,LAKEWOOD_1_N004,LOAD
1109,CA,LAKEWOOD_1_N006,LOAD
1110,CA,LAKEWOOD_1_N007,LOAD
1111,CA,LAKEWOOD_1_N009,LOAD
1112,CA,LAMBGT1_7_B1,GEN
1113,CA,LAMONT_1_N001,LOAD
1114,CA,LAMONT_1_N002,LOAD
1115,CA,LAPLMG1_7_B2,GEN
1116,CA,LAPLMG1_7_N001,LOAD
1117,CA,LAPLMG2_7_B2,GEN
1118,CA,LAPLMG2_7_N001,LOAD
1119,CA,LAPLMG3_7_B2,GEN
1120,CA,LAPLMG3_7_N001,LOAD
1121,CA,LAPLMG4_7_B2,GEN
1122,CA,LAPLMG4_7_N001,LOAD
1123,CA,LASPALMS_1_N001,LOAD
1124,CA,LASPLGS_6_N001,LOAD
1125,CA,LASPULGS_6_N001,LOAD
1126,CA,LASSEN_6_N003,GEN
1127,CA,LAURELES_6_N001,LOAD
1128,CA,LAWRENCE_1_N001,LOAD
1129,CA,LAWRENCE_1_N003,LOAD
1130,CA,LAWRENCE_1_N004,LOAD
1131,CA,LAWRENCE_1_N006,GEN
1132,CA,LBEACH1G_7_N001,GEN
1133,CA,LBEACH2G_7_N001,GEN
1134,CA,LBEACH2G_7_N002,LOAD
1135,CA,LBEACH3G_7_N001,GEN
1136,CA,LBEACH4G_7_N001,GEN
1137,CA,LCIENEGA_6_N001,LOAD
1138,CA,LECEFGT1_7_B1,GEN
1139,CA,LECEFST1_7_B1,GEN
1140,CA,LEGRAND_1_N001,LOAD
1141,CA,LEMOORE_6_N002,LOAD
1142,CA,LEMOORE_6_N101,LOAD
1143,CA,LEPRINO_1_N001,LOAD
1144,CA,LERDO_1_N001,LOAD
1145,CA,LERDO_1_N004,LOAD
1146,CA,LILAC_6_N001,LOAD
1147,CA,LILAC_6_N010,LOAD
1148,CA,LIMESTNE_6_N001,LOAD
1149,CA,LIMESTNE_6_N005,LOAD
1150,CA,LINDEN_6_N101,LOAD
1151,CA,LITEHIPE_6_N001,LOAD
1152,CA,LITEHIPE_6_N006,GEN
1153,CA,LITEHIPE_6_N008,LOAD
1154,CA,LITTLERK_6_N016,GEN
1155,CA,LIVERMRE_6_N001,LOAD
1156,CA,LIVERMRE_6_N003,LOAD
1157,CA,LIVNGSTN_1_N001,LOAD
1158,CA,LIVNGSTN_6_N001,LOAD
1159,CA,LLAGAS_1_N001,LOAD
1160,CA,LLAGAS_1_N003,LOAD
1161,CA,LLAGAS_1_N005,LOAD
1162,CA,LMEC1_1_N001,LOAD
1163,CA,LMEC1_1_N101,LOAD
1164,CA,LMEC1_1_N601,LOAD
1165,CA,LMEC1_1_N801,LOAD
1166,CA,LMECCT1_7_B1,GEN
1167,CA,LMECCT1_7_N001,LOAD
1168,CA,LMECCT2_7_B1,GEN
1169,CA,LMECCT2_7_N001,LOAD
1170,CA,LMECST1_7_B1,GEN
1171,CA,LMECST1_7_N001,LOAD
1172,CA,LMPC-CTY_1_N001,LOAD
1173,CA,LOCKFORD_7_N003,GEN
1174,CA,LOCKHD1_1_N001,LOAD
1175,CA,LOCKHD2_1_N001,LOAD
1176,CA,LODI25CT_7_B1,GEN
1177,CA,LOGANCR_2_N001,LOAD
1178,CA,LOGANCR_2_N010,LOAD
1179,CA,LONESTAR_1_N001,LOAD
1180,CA,LOSALTS_6_N004,LOAD
1181,CA,LOSALTS_6_N005,LOAD
1182,CA,LOSALTS_6_N101,LOAD
1183,CA,LOSCCHS_6_N001,LOAD
1184,CA,LOSCOCHS_6_N001,LOAD
1185,CA,LOSCOCHS_6_N034,LOAD
1186,CA,LOSGATS_6_N002,LOAD
1187,CA,LOSGATS_6_N201,LOAD
1188,CA,LOSOSTS_6_N001,LOAD
1189,CA,LOVELAND_6_N001,LOAD
1190,CA,LOWGAP_7_N001,LOAD
1191,CA,LOWGAP_7_N002,GEN
1192,NV,LOYALTON_GNODEIT,GEN
1193,NV,LOYALTON_LNODESS,LOAD
1194,NV,LOYALTON_LNODETY,LOAD
1195,CA,LOYOLA_6_N001,LOAD
1196,CA,LOYOLA_6_N004,LOAD
1197,CA,LPFLKBD_6_N001,LOAD
1198,CA,LPSAMOA_7_N002,GEN
1199,CA,LSGLLNS_1_N001,LOAD
1200,CA,LSGLLNS_1_N002,LOAD
1201,CA,LSGLLNS_1_N003,LOAD
1202,CA,LSPSTAS_2_N001,LOAD
1203,CA,LSPSTAS_2_N002,LOAD
1204,CA,LSPSTAS_2_N010,LOAD
1205,CA,LSPSTAS_2_N011,LOAD
1206,CA,LSTHLLS_6_N001,LOAD
1207,CA,LUCERNE_1_N001,LOAD
1208,CA,LUCERNE_1_N004,LOAD
1209,PACW,LUCERNE_LNODELD,LOAD
1210,CA,LUIS#3_1_N001,LOAD
1211,CA,LUIS#5_1_N001,LOAD
1212,CA,LUZ8G_7_B1,GEN
1213,CA,LUZ9G_7_B1,GEN
1214,CA,LYOTH-SP_6_N001,LOAD
1215,CA,LYTNVLLE_6_N001,LOAD
1216,CA,MABURY_1_N001,LOAD
1217,CA,MABURY_6_N001,LOAD
1218,PACW,MACDOEL_LNODE20,LOAD
1219,PACW,MACDOEL_LNODE45,LOAD
1220,CA,MADERAG_7_B2,GEN
1221,CA,MADISON_1_N002,LOAD
1222,CA,MADISON_1_N201,LOAD
1223,CA,MAGUNDEN_1_N002,LOAD
1224,CA,MAINE-PR_6_N001,LOAD
1225,CA,MALAGA_1_N001,LOAD
1226,CA,MALAGA_1_N004,LOAD
1227,CA,MALAGA_1_N005,LOAD
1228,CA,MALAGA_1_N206,LOAD
1229,CA,MALCHA_7_B1,GEN
1230,CA,MAMOTH1G_7_B1,GEN
1231,CA,MAMOTH2G_7_B1,GEN
1232,CA,MANCHSTR_1_N001,LOAD
1233,CA,MANCHSTR_1_N002,LOAD
1234,CA,MANCHSTR_1_N005,LOAD
1235,CA,MANDLY1G_7_B1,GEN
1236,CA,MANDLY1G_7_N002,LOAD
1237,CA,MANDLY2G_7_B1,GEN
1238,CA,MANDLY2G_7_N002,LOAD
1239,CA,MANDLY3G_7_B1,GEN
1240,CA,MANDLY3G_7_N001,LOAD
1241,CA,MANTECA_1_N001,LOAD
1242,CA,MANTECA_1_N002,LOAD
1243,CA,MANTECA_1_N012,LOAD
1244,CA,MANTECA_1_N013,LOAD
1245,CA,MANVILLE_1_N001,LOAD
1246,CA,MARGARTA_1_N001,LOAD
1247,CA,MARGARTA_1_N002,LOAD
1248,CA,MARGARTA_1_N008,LOAD
1249,CA,MARGARTA_1_N009,LOAD
1250,CA,MARICOPA_6_N001,LOAD
1251,CA,MARIPOS2_6_N001,LOAD
1252,CA,MARIPOS2_6_N003,LOAD
1253,CA,MARTELL_6_N001,LOAD
1254,CA,MARTINEZ_1_N001,LOAD
1255,CA,MCARTHR_6_N001,LOAD
1256,CA,MCARTHR_6_N002,GEN
1257,CA,MCARTHR_6_N003,GEN
1258,CA,MCCALL_1_N026,LOAD
1259,CA,MCCALL_1_N030,LOAD
1260,CA,MCCALL_1_N093,GEN
1261,CA,MCDISLE_6_N001,LOAD
1262,CA,MCFRLND_6_N001,LOAD
1263,CA,MCGEN_7_B1,GEN
1264,CA,MCKEE_1_N001,LOAD
1265,CA,MCKEE_1_N005,LOAD
1266,CA,MCKEE_1_N101,LOAD
1267,CA,MCMULLN1_2_N001,LOAD
1268,CA,MCSNCK1_7_B1,GEN
1269,CA,MCSNCK2_7_B1,GEN
1270,CA,MDLRIVR_6_N001,LOAD
1271,CA,MDWYPS_6_N001,LOAD
1272,CA,MECCTG1_7_B1,GEN
1273,CA,MECCTG1_7_N100,LOAD
1274,CA,MECCTG2_7_B2,GEN
1275,CA,MECCTG2_7_N100,LOAD
1276,CA,MECSTG3_7_B1,GEN
1277,CA,MEDWLNE_1_N001,LOAD
1278,CA,MEDWLNE_1_N002,LOAD
1279,CA,MEDWLNE_1_N006,LOAD
1280,CA,MELROSE_6_N001,LOAD
1281,CA,MELROSE_6_N004,LOAD
1282,CA,MELROSE_6_N005,LOAD
1283,CA,MELROSE_6_N009,LOAD
1284,CA,MENLO_6_N001,LOAD
1285,CA,MENLO_6_N002,LOAD
1286,CA,MENLO_6_N003,LOAD
1287,CA,MENLO_6_N004,LOAD
1288,CA,MERCEDFL_7_N001,LOAD
1289,CA,MERCEDFL_7_N002,GEN
1290,CA,MERCED_1_N001,LOAD
1291,CA,MERCED_1_N002,LOAD
1292,CA,MERIDIAN_6_N101,LOAD
1293,CA,MESA-PGE_1_N036,GEN
1294,CA,MESACAL_6_N001,LOAD
1295,CA,MESACAL_6_N004,GEN
1296,CA,MESAHGTS_6_N001,LOAD
1297,CA,MESAHGTS_6_N007,LOAD
1298,CA,MESAHGTS_6_N011,GEN
1299,CA,MESARIM_6_N001,LOAD
1300,CA,MESARIM_6_N007,LOAD
1301,CA,MESARIM_6_N008,LOAD
1302,CA,MESARIM_6_N012,LOAD
1303,CA,METCALF_1_N018,LOAD
1304,CA,METCALF_1_N044,GEN
1305,CA,METTLER_6_N001,LOAD
1306,NV,MEYERS_LNODE31,LOAD
1307,NV,MEYERS_LNODE32,LOAD
1308,NV,MEYERS_LNODE33,LOAD
1309,NV,MEYERS_LNODE34,LOAD
1310,NV,MEYERS_LNODE35,LOAD
1311,CA,MHVSPHN_1_N101,GEN
1312,CA,MI-WUK_1_N001,LOAD
1313,CA,MIDDLTWN_6_N002,LOAD
1314,CA,MIDDLTWN_6_N101,LOAD
1315,CA,MIDLFORK_7_B1,GEN
1316,CA,MIDLFORK_7_B3,GEN
1317,CA,MIDWAY_1_N002,LOAD
1318,CA,MIDWAY_1_N047,GEN
1319,CA,MILLBRAE_1_N001,LOAD
1320,CA,MILLBRAE_1_N004,LOAD
1321,CA,MILLBRAE_1_N007,GEN
1322,CA,MILLBRAE_1_N201,LOAD
1323,CA,MILLBRAE_6_N001,LOAD
1324,CA,MILLER_1_N001,LOAD
1325,CA,MILPITAS_1_N001,LOAD
1326,CA,MILPITAS_1_N003,LOAD
1327,CA,MILPITAS_1_N005,LOAD
1328,CA,MILPITAS_1_N006,LOAD
1329,CA,MILPITAS_1_N008,GEN
1330,CA,MIRABEL_6_N001,LOAD
1331,CA,MIRALOMA_6_N001,LOAD
1332,CA,MIRALOMA_6_N002,GEN
1333,CA,MIRALOMA_6_N007,GEN
1334,CA,MIRAMAR_6_N001,LOAD
1335,CA,MIRAMAR_6_N004,LOAD
1336,CA,MIRAMAR_6_N017,LOAD
1337,CA,MIRAMREF_7_B1,GEN
1338,CA,MISSION_2_N035,GEN
1339,CA,MISSION_6_N001,LOAD
1340,CA,MISSION_6_N031,LOAD
1341,CA,MISSION_6_N040,LOAD
1342,CA,MISSION_6_N049,LOAD
1343,CA,MISSON_1_N015,GEN
1344,CA,MNDCTP_6_N001,LOAD
1345,CA,MOBILCHE_1_N001,LOAD
1346,CA,MOFTFLD_1_N002,LOAD
1347,CA,MOLINO_6_N002,LOAD
1348,CA,MOLINO_6_N101,LOAD
1349,CA,MONOLITH_6_N029,LOAD
1350,CA,MONOLITH_6_N101,LOAD
1351,CA,MONROE_1_N001,LOAD
1352,CA,MONROE_1_N002,LOAD
1353,CA,MONROE_1_N101,LOAD
1354,CA,MONSRATE_6_N001,LOAD
1355,CA,MONSRATE_6_N007,LOAD
1356,CA,MONTAGUE_1_N001,LOAD
1357,CA,MONTAGUE_1_N006,LOAD
1358,CA,MONTAGUE_1_N007,LOAD
1359,CA,MONTCLLO_1_N008,LOAD
1360,CA,MONTEREY_6_N001,LOAD
1361,CA,MONTERO_6_N001,LOAD
1362,CA,MONTERO_6_N004,LOAD
1363,CA,MONTGMRY_6_N001,LOAD
1364,CA,MONTGMRY_6_N002,LOAD
1365,CA,MOORPARK_6_GN010,GEN
1366,CA,MOORPARK_6_N001,LOAD
1367,CA,MOORPARK_6_N005,GEN
1368,CA,MOORPARK_6_N006,GEN
1369,CA,MORAGA_1_N001,LOAD
1370,CA,MORGAN_1_N001,LOAD
1371,CA,MORMON_6_N001,LOAD
1372,CA,MOROHILL_6_N001,LOAD
1373,CA,MORRO3_7_B1,GEN
1374,CA,MORRO4_7_B1,GEN
1375,CA,MORROBAY_2_N001,LOAD
1376,CA,MORROBAY_2_N015,LOAD
1377,CA,MORROBY_1_N001,LOAD
1378,CA,MORWIND_6_N001,GEN
1379,CA,MOSSLD_1_N001,LOAD
1380,CA,MOSSLD_1_N055,GEN
1381,CA,MOSSLND6_7_B2,GEN
1382,CA,MOSSLND6_7_ND001,LOAD
1383,CA,MOSSLND7_7_B2,GEN
1384,CA,MOSSLND7_7_ND001,LOAD
1385,CA,MPLECRK_6_N001,LOAD
1386,CA,MREIS-Q_1_N001,LOAD
1387,CA,MRGNHIL_1_N001,LOAD
1388,CA,MRGNHIL_1_N004,LOAD
1389,CA,MRGNHIL_1_N007,LOAD
1390,CA,MRGT_6_NODE1,GEN
1391,CA,MRLPKGEN_7_B1,GEN
1392,NV,MRTSVAL_LNODE32,LOAD
1393,CA,MRYSVLLE_6_N001,LOAD
1394,CA,MRYSVLLE_6_N003,LOAD
1395,CA,MSHR60V_6_N001,LOAD
1396,CA,MSHR60V_6_N006,LOAD
1397,CA,MTEDEN_1_N001,LOAD
1398,CA,MTEDEN_1_N005,LOAD
1399,CA,MTEDEN_1_N009,LOAD
1400,CA,MTNPASS_1_N001,LOAD
1401,CA,MTNQUAR_6_N001,LOAD
1402,CA,MTNVIST3_7_B1,GEN
1403,CA,MTNVIST3_7_N002,LOAD
1404,CA,MTNVIST4_7_B1,GEN
1405,CA,MTNVIST4_7_N002,LOAD
1406,CA,MTPOSO_7_N001,GEN
1407,CA,MTVIEW_1_N001,LOAD
1408,CA,MTVIEW_1_N004,LOAD
1409,CA,MTVIEW_1_N005,LOAD
1410,CA,MTWND1-2_7_N001,GEN
1411,CA,MTWND1-2_7_N101,GEN
1412,CA,MTWND3_7_N001,GEN
1413,CA,MTZUMA2_7_B1,GEN
1414,CA,MURRAY_6_N001,LOAD
1415,CA,MURRAY_6_N004,LOAD
1416,CA,MURRAY_6_N005,LOAD
1417,CA,MURRAY_6_N015,LOAD
1418,CA,MUSLSLGH_6_N001,LOAD
1419,CA,NAPA_6_N003,GEN
1420,CA,NARROWS1_7_B1,GEN
1421,CA,NARROWS1_7_N001,LOAD
1422,CA,NARROWS2_7_B1,GEN
1423,CA,NARROWS_6_N010,LOAD
1424,CA,NATNLCTY_6_N001,LOAD
1425,CA,NATNLCTY_6_N005,LOAD
1426,CA,NAVSTMTR_6_N001,LOAD
1427,CA,NAVSTMTR_6_N011,LOAD
1428,CA,NAVY35R_1_N001,LOAD
1429,CA,NAVY35R_7_B1,GEN
1430,CA,NBRANCH_6_N001,LOAD
1431,CA,NCMETER_1_N001,LOAD
1432,CA,NCPA1GY1_7_B2,GEN
1433,CA,NCPA1GY1_7_N001,LOAD
1434,CA,NCPA1GY2_7_B2,GEN
1435,CA,NCPA1GY2_7_N001,LOAD
1436,CA,NCPA2GY1_7_B2,GEN
1437,CA,NCPA2GY1_7_N001,LOAD
1438,CA,NCPA2GY2_7_B2,GEN
1439,CA,NCPA2GY2_7_N001,LOAD
1440,CA,NDUBLIN_2_N002,LOAD
1441,CA,NEENACH_6_N008,GEN
1442,CA,NEORBLF_7_B1,GEN
1443,CA,NEWARKD_1_N001,LOAD
1444,CA,NEWARKD_1_N012,LOAD
1445,CA,NEWARKD_1_N126,GEN
1446,CA,NEWBURG_6_N001,LOAD
1447,CA,NEWBURG_6_N003,LOAD
1448,PACW,NEWELL_LNODE90,LOAD
1449,CA,NEWHALL_1_N001,LOAD
1450,CA,NEWHALL_1_N002,LOAD
1451,CA,NEWMAN_6_B2,LOAD
1452,CA,NEWMAN_6_N001,LOAD
1453,CA,NOISLMTR_6_N004,LOAD
1454,CA,NOISLMTR_6_N009,LOAD
1455,CA,NOISLMTR_6_N015,GEN
1456,CA,NOISLMTR_6_N101,GEN
1457,CA,NORCO_1_N001,LOAD
1458,CA,NORD1_1_N001,LOAD
1459,CA,NORD1_1_N003,LOAD
1460,CA,NORTECH_1_N001,LOAD
1461,NV,NORTHSTR_LNODE50,LOAD
1462,CA,NORTHWND_6_N002,GEN
1463,CA,NOVATO_6_N001,LOAD
1464,CA,NOVATO_6_N002,LOAD
1465,CA,NRTHTWR_1_N001,LOAD
1466,CA,NRTHTWR_1_N002,LOAD
1467,CA,NRTHTWR_1_N004,LOAD
1468,CA,NSCOGEN_7_B1,GEN
1469,CA,NUMITAP_1_N003,LOAD
1470,CA,NVYSCHL_6_N001,LOAD
1471,CA,NWKDIST_2_N001,LOAD
1472,CA,NWKDIST_2_N004,LOAD
1473,CA,OAKC12_7_N002,LOAD
1474,CA,OAKHURST_1_N001,LOAD
1475,CA,OAKHURST_1_N002,LOAD
1476,CA,OAKLAND_1_N001,LOAD
1477,CA,OAKLAND_1_N006,LOAD
1478,CA,OAKLAND_1_N033,LOAD
1479,CA,OAKLND12_7_N001,GEN
1480,CA,OAKLND12_7_N101,GEN
1481,CA,OAKLND3_7_N001,GEN
1482,CA,OCEANO_1_N001,LOAD
1483,CA,OCEANO_1_N004,LOAD
1484,CA,OCEANSDE_6_N001,LOAD
1485,CA,OCEANSDE_6_N002,LOAD
1486,CA,OIGLASS_1_N001,LOAD
1487,CA,OILDALE_1_N001,LOAD
1488,CA,OILDALE_1_N101,GEN
1489,CA,OILFLDS_6_N001,LOAD
1490,CA,OILFLDS_6_N007,LOAD
1491,CA,OILFLDS_6_N009,GEN
1492,CA,OLDRIVR_6_N001,LOAD
1493,CA,OLDRIVR_6_N006,LOAD
1494,CA,OLDRIVR_6_N007,GEN
1495,CA,OLDTOWN_6_N001,LOAD
1496,CA,OLEMA_6_N001,LOAD
1497,CA,OLETA_6_N001,LOAD
1498,CA,OLETA_6_N003,LOAD
1499,CA,OLINDA_6_N001,LOAD
1500,CA,OLINDA_6_N002,GEN
1501,CA,OLINDA_6_N004,GEN
1502,CA,OLINDA_6_N007,GEN
1503,CA,OLIVHRST_1_N001,LOAD
1504,CA,OLIVHRST_1_N002,LOAD
1505,CA,OLS-AGNE_7_N001,GEN
1506,CA,OMAR1G_7_B1,GEN
1507,CA,OMAR2G_7_B1,GEN
1508,CA,OMAR3G_7_B1,GEN
1509,CA,OMAR4G_7_B1,GEN
1510,CA,OMAR_2_N001,LOAD
1511,CA,OMWD_6_N001,LOAD
1512,CA,ONEILPMP_7_LN001,LOAD
1513,CA,OREGNTRL_1_N001,LOAD
1514,CA,OREGNTRL_6_N001,LOAD
1515,CA,ORICK_6_N001,LOAD
1516,CA,ORLANDB_6_N001,LOAD
1517,CA,ORMOND1G_7_B1,GEN
1518,CA,ORMOND2G_7_B1,GEN
1519,CA,OROENGY_7_B1,GEN
1520,CA,OROLOMA_6_N001,LOAD
1521,CA,OROSI_6_N006,LOAD
1522,CA,OROVILLE_6_N001,LOAD
1523,CA,OROVILLE_6_N005,LOAD
1524,CA,OROVILLE_6_N102,LOAD
1525,CA,OSO_6_N008,GEN
1526,CA,OTAYLAKE_6_N001,LOAD
1527,CA,OTAY_6_N001,LOAD
1528,CA,OTAY_6_N014,LOAD
1529,CA,OTAY_6_N017,GEN
1530,CA,OTAY_6_N018,GEN
1531,CA,OTTER_6_N001,LOAD
1532,CA,OWNBRKWY_1_N001,LOAD
1533,CA,OXBOWF_7_B1,GEN
1534,CA,OXFORD_1_N001,LOAD
1535,CA,OXGEN_7_B1,GEN
1536,CA,OXMOUNTN_6_N001,GEN
1537,CA,PACFCBCH_6_N001,LOAD
1538,CA,PACFCBCH_6_N004,LOAD
1539,CA,PACIFICA_6_N001,LOAD
1540,CA,PACIFICA_6_N003,LOAD
1541,CA,PACLUMB_7_N002,GEN
1542,CA,PADUA_6_N001,LOAD
1543,CA,PADUA_6_N004,GEN
1544,CA,PADUA_6_N006,GEN
1545,CA,PADUA_6_N007,GEN
1546,CA,PADUA_6_N008,GEN
1547,CA,PALA_6_N001,LOAD
1548,CA,PALMR_1_N001,LOAD
1549,CA,PALOMAR_1_N001,LOAD
1550,CA,PALOMAR_1_N004,LOAD
1551,CA,PALOMAR_1_N013,LOAD
1552,CA,PANAERO_1_N001,GEN
1553,CA,PANAMA_6_N001,LOAD
1554,CA,PANRAMA_1_N001,LOAD
1555,CA,PARADISE_1_N001,LOAD
1556,CA,PARADISX_6_N001,LOAD
1557,CA,PARADISX_6_N004,LOAD
1558,CA,PARKWAY_2_N001,LOAD
1559,PACW,PATRICKS_LNODE49,LOAD
1560,CA,PAULSWT_1_N001,LOAD
1561,CA,PAULSWT_1_N004,LOAD
1562,CA,PAULSWT_1_N013,GEN
1563,CA,PAULSWT_1_N101,LOAD
1564,CA,PEABODY_2_N002,LOAD
1565,CA,PEABODY_2_N006,LOAD
1566,CA,PEABODY_2_N024,GEN
1567,CA,PEACHTON_6_N001,LOAD
1568,CA,PEACHTON_6_N004,LOAD
1569,CA,PEARBLSM_2_N020,GEN
1570,CA,PEARBMAP_7_B1,LOAD
1571,CA,PEARBMAP_7_B3,LOAD
1572,CA,PEARBMAP_7_B4,LOAD
1573,CA,PEARBMBP_7_B1,LOAD
1574,CA,PEARBMBP_7_B3,LOAD
1575,CA,PEARBMBP_7_B4,LOAD
1576,CA,PEARBMCP_7_B1,LOAD
1577,CA,PEARBMCP_7_B3,LOAD
1578,CA,PEARBMDP_7_B1,LOAD
1579,CA,PEASE_1_N001,LOAD
1580,CA,PEASE_1_N008,LOAD
1581,CA,PEASE_1_N009,LOAD
1582,CA,PENDLETN_6_N001,LOAD
1583,CA,PENDLETN_6_N004,LOAD
1584,CA,PENNGRVE_1_N001,LOAD
1585,CA,PENRYN_6_N001,LOAD
1586,CA,PENRYN_6_N004,LOAD
1587,CA,PEORIA_7_N003,GEN
1588,PACW,PEREZ_LNODED1,LOAD
1589,CA,PERMNNTE_6_N002,LOAD
1590,CA,PERRY_6_N001,LOAD
1591,CA,PETLMAA_6_N001,LOAD
1592,CA,PETLMAC_6_N002,LOAD
1593,CA,PETLMAC_6_N003,LOAD
1594,CA,PETLMAC_6_N004,LOAD
1595,CA,PHILLIPS_1_N001,LOAD
1596,CA,PHILO_6_N001,LOAD
1597,CA,PHOENIX_7_N001,GEN
1598,CA,PICO_1_N001,LOAD
1599,CA,PICO_1_N004,LOAD
1600,CA,PIERCY_1_N201,LOAD
1601,CA,PIKECTY_6_N001,LOAD
1602,CA,PINEFLT_7_B1,GEN
1603,CA,PINEFLT_7_B3,GEN
1604,CA,PINEFLT_7_B4,GEN
1605,CA,PIT1U1_7_B1,GEN
1606,CA,PIT1U1_7_B2,GEN
1607,CA,PIT1_6_N001,LOAD
1608,CA,PIT1_6_N012,GEN
1609,CA,PIT3_7_N001,LOAD
1610,CA,PIT5_7_B1,LOAD
1611,CA,PIT5_7_N001,GEN
1612,CA,PIT6U1_7_B1,GEN
1613,CA,PIT6U2_7_B1,GEN
1614,CA,PIT7U1_7_B1,GEN
1615,CA,PIT7U2_7_B1,GEN
1616,CA,PITCHGEN_7_B1,GEN
1617,CA,PITSBURG_1_N001,LOAD
1618,CA,PITTSBRG_6_N101,LOAD
1619,CA,PLACERVL_1_N001,LOAD
1620,CA,PLACER_1_N001,LOAD
1621,CA,PLACER_7_N009,LOAD
1622,CA,PLAINFLD_6_N001,LOAD
1623,CA,PLCRVLB2_7_N001,GEN
1624,CA,PLCRVLB2_7_N002,GEN
1625,CA,PLOALTO_1_N001,LOAD
1626,CA,PLOALTO_1_N007,LOAD
1627,CA,PLOALTO_1_N013,LOAD
1628,CA,PLOALTO_1_N019,GEN
1629,CA,PLUMAS_6_N001,LOAD
1630,CA,PNEDLE_1_N001,LOAD
1631,CA,PNEDLE_1_N002,LOAD
1632,CA,PNEGRVE_6_N001,LOAD
1633,CA,PNEGRVE_6_N002,LOAD
1634,CA,PNTARNA_6_N001,LOAD
1635,CA,POE1_7_B1,GEN
1636,CA,POE2_7_B1,GEN
1637,CA,POINTLMA_6_N001,GEN
1638,CA,POINTLMA_6_N013,LOAD
1639,CA,POINTLMA_6_N014,LOAD
1640,CA,POINTLMA_6_N021,GEN
1641,CA,POLPASPP_6_N002,LOAD
1642,CA,POMERADO_6_N001,LOAD
1643,CA,POMERADO_6_N004,LOAD
1644,CA,POMERADO_6_N008,LOAD
1645,NV,PORTOLA_LNODE31,LOAD
1646,NV,PORTOLA_LNODE32,LOAD
1647,CA,POSOMT_1_N001,LOAD
1648,CA,POST_1_N001,LOAD
1649,CA,POTRERO_1_N001,LOAD
1650,CA,POTRERO_1_N013,LOAD
1651,CA,POTRERO_1_N016,LOAD
1652,CA,POTTRVLY_7_N002,GEN
1653,CA,POWAY_6_N001,LOAD
1654,CA,POWAY_6_N010,LOAD
1655,CA,PPSTLTAP_1_N001,LOAD
1656,CA,PPSTLTAP_1_N104,LOAD
1657,CA,PRAXAIR_1_B1,LOAD
1658,CA,PRCTRVLY_1_N001,LOAD
1659,CA,PROCGEN_7_B1,GEN
1660,CA,PRUNEDLE_1_N001,LOAD
1661,CA,PRUNEDLE_1_N002,LOAD
1662,CA,PRUNEDLE_1_N004,GEN
1663,CA,PSARBLS_6_N001,LOAD
1664,CA,PSARBLS_6_N005,LOAD
1665,CA,PSARBLS_6_N007,LOAD
1666,CA,PSE-BEAR_7_B1,GEN
1667,CA,PSE-LVOK_7_B1,GEN
1668,CA,PSEMCKIT_7_B1,GEN
1669,CA,PTMRTTI_6_N001,LOAD
1670,CA,PTS7SWNG_7_B2,GEN
1671,CA,PTSB5_7_B2,GEN
1672,CA,PTSB6_7_B2,GEN
1673,CA,PUEBLOPG_1_N001,LOAD
1674,CA,PUEBLOPG_1_N010,LOAD
1675,CA,PURISIMA_1_N001,LOAD
1676,CA,Q477_7_B1,GEN
1677,CA,Q510_7_N005,GEN
1678,CA,Q633C1_7_N001,GEN
1679,CA,QUEBEC_1_N001,LOAD
1680,CA,RADUM_6_N001,LOAD
1681,CA,RADUM_6_N004,LOAD
1682,CA,RAINBOW_1_N001,LOAD
1683,CA,RALSTON_7_B1,GEN
1684,CA,RAMCOOY_7_B1,GEN
1685,CA,RAMNGEN_7_N003,GEN
1686,CA,RANCHRS_1_N001,LOAD
1687,CA,RANDSBRG_1_N001,LOAD
1688,CA,RAWSON_6_N001,LOAD
1689,CA,RAWSON_6_N002,LOAD
1690,CA,RCARMEL_6_N001,LOAD
1691,CA,RCARMEL_6_N004,LOAD
1692,CA,RCARMEL_6_N011,LOAD
1693,CA,RECTOR_6_N001,LOAD
1694,CA,RECTOR_6_N004,GEN
1695,CA,RECTOR_6_N007,GEN
1696,CA,RECTOR_6_N008,GEN
1697,CA,RECTOR_6_N009,GEN
1698,CA,REDBLFF_6_N001,LOAD
1699,CA,REDBLFF_6_N004,LOAD
1700,CA,REDBLFF_6_N005,LOAD
1701,CA,REDBLFF_6_N008,GEN
1702,CA,REDBUD_1_N001,LOAD
1703,CA,REDBUD_1_N004,LOAD
1704,CA,REDON5G_7_B1,GEN
1705,CA,REDON6G_7_B1,GEN
1706,CA,REDON7G_7_B1,GEN
1707,CA,REDON8G_7_B1,GEN
1708,PACW,REDWOODU_LNODED2,LOAD
1709,CA,REDWOOD_6_N001,LOAD
1710,CA,REDWOOD_6_N002,LOAD
1711,CA,REDWOOD_6_N005,LOAD
1712,CA,REDWOOD_6_N006,LOAD
1713,CA,REDWOOD_6_N007,LOAD
1714,CA,REEDLEY_1_N001,LOAD
1715,CA,REEDLEY_6_N001,LOAD
1716,CA,RENFRO_1_N001,LOAD
1717,CA,RENFRO_1_N010,LOAD
1718,CA,RENWIND_1_N001,GEN
1719,CA,RERCU1_7_B1,GEN
1720,CA,RERCU2_7_B1,GEN
1721,PACW,RFP_NODET,GEN
1722,CA,RICE_6_N002,LOAD
1723,CA,RICE_6_N101,LOAD
1724,CA,RICHMOND_1_B1,LOAD
1725,CA,RICHMOND_1_N001,LOAD
1726,CA,RICHMOND_1_N004,GEN
1727,CA,RINCON_1_N001,LOAD
1728,CA,RINCON_1_N003,LOAD
1729,CA,RINCON_6_N001,LOAD
1730,CA,RINCON_6_N008,LOAD
1731,CA,RIOBRVO_1_N001,LOAD
1732,CA,RIOBRVO_1_N006,LOAD
1733,CA,RIOBRVQF_6_N001,GEN
1734,CA,RIOBRVTM_1_N001,LOAD
1735,CA,RIODELL_6_N001,LOAD
1736,CA,RIOHONDO_6_N001,LOAD
1737,CA,RIOHONDO_6_N004,GEN
1738,CA,RIOHONDO_6_N007,GEN
1739,CA,RIOOSO_1_N033,GEN
1740,CA,RIPON_1_N001,LOAD
1741,CA,RIVERROC_6_N001,LOAD
1742,CA,RIVERVG1_7_B1,GEN
1743,CA,RIVRBANK_1_N001,LOAD
1744,CA,RIVRSIDE_6_N001,LOAD
1745,CA,ROADWAY_1_N001,LOAD
1746,CA,ROBROY_1_N001,LOAD
1747,CA,ROCKCK1_7_B1,GEN
1748,CA,ROCKCK2_7_B1,GEN
1749,CA,ROCKET_1_N001,LOAD
1750,CA,ROCKLIN_6_N001,LOAD
1751,CA,ROCKLIN_6_N003,LOAD
1752,CA,ROGH-RDY_6_N001,LOAD
1753,CA,ROLLINSF_7_B1,GEN
1754,CA,ROSECYN_6_N001,LOAD
1755,CA,ROSECYN_6_N017,LOAD
1756,CA,ROSEDAL_1_N001,LOAD
1757,CA,ROSE_6_N001,LOAD
1758,CA,ROSSMOOR_2_N001,LOAD
1759,CA,ROSSMOOR_2_N101,LOAD
1760,CA,RSNTAFE_6_N001,LOAD
1761,CA,RSNTAFE_6_N008,LOAD
1762,CA,RSNTAFE_6_N009,LOAD
1763,CA,RSVTNRD_6_N001,LOAD
1764,CA,RTRACK_1_N001,LOAD
1765,CA,RUSSEL_7_N007,GEN
1766,CA,RUSSRCH_6_N001,LOAD
1767,CA,RVRBANK_1_N001,LOAD
1768,CA,RVRBANK_1_N005,LOAD
1769,CA,S.CLARA_6_N021,GEN
1770,CA,S0479_7_N003,GEN
1771,CA,S473_7_N005,GEN
1772,CA,S622B_7_N003,GEN
1773,CA,SAFEWAY_1_N001,LOAD
1774,CA,SALINAS_1_N001,LOAD
1775,CA,SALINAS_1_N024,LOAD
1776,CA,SALNRGN_7_B1,GEN
1777,CA,SAMPSON_6_N010,GEN
1778,CA,SANARDO_6_N001,LOAD
1779,CA,SANBRDNO_6_GN002,GEN
1780,CA,SANBRDNO_6_GN003,GEN
1781,CA,SANBRDNO_6_GN005,GEN
1782,CA,SANBRDNO_6_N014,GEN
1783,CA,SANCRLS_6_N001,LOAD
1784,CA,SANCRLS_6_N002,LOAD
1785,CA,SANCRLS_6_N004,LOAD
1786,CA,SANDBAR_7_B1,GEN
1787,CA,SANDCRK_6_N001,LOAD
1788,CA,SANGERCO_7_B1,GEN
1789,CA,SANGER_1_N001,LOAD
1790,CA,SANJOQN_6_N001,LOAD
1791,CA,SANJOQN_6_N006,LOAD
1792,CA,SANLUIS2_7_B1,GEN
1793,CA,SANLUIS2_7_B3,GEN
1794,CA,SANLUIS4_7_B1,GEN
1795,CA,SANLUIS4_7_B3,GEN
1796,CA,SANLUIS6_7_B1,GEN
1797,CA,SANLUIS6_7_B3,GEN
1798,CA,SANLUIS8_7_B1,GEN
1799,CA,SANLUIS8_7_B3,GEN
1800,CA,SANLUSRY_6_N013,LOAD
1801,CA,SANLUSRY_6_N014,LOAD
1802,CA,SANLUSRY_6_N101,LOAD
1803,CA,SANLUSRY_6_N201,LOAD
1804,CA,SANMATEO_1_N001,LOAD
1805,CA,SANMATEO_1_N001A,LOAD
1806,CA,SANMATEO_1_N009,LOAD
1807,CA,SANMATO_6_N001,LOAD
1808,CA,SANMIGL_6_N001,LOAD
1809,CA,SANMRCOS_6_N001,LOAD
1810,CA,SANMRCOS_6_N007,LOAD
1811,CA,SANMRCOS_6_N011,LOAD
1812,CA,SANMRCOS_6_N012,GEN
1813,CA,SANPBLO_1_N001,LOAD
1814,CA,SANRAFL_1_N001,LOAD
1815,CA,SANRAFL_1_N006,LOAD
1816,CA,SANRAFL_1_N007,LOAD
1817,CA,SANRAMON_2_N001,LOAD
1818,CA,SANRAMON_2_N004,LOAD
1819,CA,SANRAMON_2_N023,LOAD
1820,CA,SANRAMON_2_N024,LOAD
1821,CA,SANTAFE_7_B1,GEN
1822,CA,SANTAFE_7_B11,GEN
1823,CA,SANTARO_1_N001,LOAD
1824,CA,SANTARO_1_N014,LOAD
1825,CA,SANTARO_1_N017,LOAD
1826,CA,SANTARO_1_N021,LOAD
1827,CA,SANTEE_1_N001,LOAD
1828,CA,SANTEE_1_N003,LOAD
1829,CA,SANTEE_1_N004,LOAD
1830,CA,SANTIAGO_6_N026,GEN
1831,CA,SANTYSBL_6_N001,LOAD
1832,CA,SANWIND_1_N001,GEN
1833,CA,SANYSDRO_6_N001,LOAD
1834,CA,SANYSDRO_6_N004,LOAD
1835,CA,SANYSDRO_6_N013,GEN
1836,CA,SARATOGA_2_N001,LOAD
1837,CA,SARATOGA_2_N006,LOAD
1838,CA,SARATOGA_2_N011,LOAD
1839,CA,SARGCNG_7_B1,GEN
1840,CA,SAUGUS_6_N001,LOAD
1841,CA,SAUGUS_6_N008,GEN
1842,CA,SAUGUS_6_N009,GEN
1843,CA,SAUGUS_6_N010,GEN
1844,CA,SAUGUS_6_N012,GEN
1845,CA,SAUSALTO_6_N001,LOAD
1846,CA,SAUSALTO_6_N002,LOAD
1847,CA,SCHINDLR_1_N005,LOAD
1848,CA,SCHLNDLR_7_N002,GEN
1849,CA,SCHLNDLR_7_N003,GEN
1850,CA,SCHMLBCH_1_N001,LOAD
1851,CA,SCLARA_6_N001,LOAD
1852,CA,SCLARA_6_N008,GEN
1853,CA,SCRIPPS_6_N001,LOAD
1854,CA,SCRIPPS_6_N008,LOAD
1855,CA,SCRIPPS_6_N013,LOAD
1856,CA,SCWAX_1_N001,LOAD
1857,CA,SEARLES_7_N001,LOAD
1858,CA,SEARLES_7_N002,GEN
1859,CA,SEARLES_7_N004,GEN
1860,CA,SEAWEST_6_N001,GEN
1861,CA,SEAWIND_1_B1,GEN
1862,CA,SEGS1G_7_B1,GEN
1863,CA,SEGS2G_7_B1,GEN
1864,CA,SEMITRPC_1_N001,LOAD
1865,CA,SERRFGEN_7_B1,GEN
1866,CA,SERRMNTE_1_N011,LOAD
1867,CA,SFIA-MA_1_N001,LOAD
1868,CA,SFIA_1_N001,LOAD
1869,CA,SFIA_1_N007,LOAD
1870,CA,SHADOWR_1_N001,LOAD
1871,CA,SHADOWR_1_N006,LOAD
1872,CA,SHADOWR_1_N008,LOAD
1873,CA,SHADYGLN_6_N001,LOAD
1874,CA,SHAFTER_1_N001,LOAD
1875,CA,SHARON_1_N001,LOAD
1876,CA,SHAWROAD_1_N001,LOAD
1877,CA,SHILOH3B_7_N001,GEN
1878,CA,SHILOH3_7_N002,GEN
1879,CA,SHILOH_7_B1,GEN
1880,CA,SHILO_7_N002,GEN
1881,CA,SHL-KRVD_1_N001,GEN
1882,CA,SHLLCHM_6_N001,LOAD
1883,CA,SHNGLESR_1_N001,LOAD
1884,CA,SHNGLESR_1_N004,LOAD
1885,CA,SHNGLESR_1_N103,LOAD
1886,CA,SHREDDER_1_N001,LOAD
1887,NV,SIERABRK_LNODE19,LOAD
1888,CA,SILVERDO_1_N001,LOAD
1889,CA,SILVERDO_1_N002,LOAD
1890,CA,SIMPSON_7_B1,GEN
1891,CA,SISQUOC_1_N001,LOAD
1892,CA,SISQUOC_1_N020,LOAD
1893,CA,SJCOGEN_7_B2,GEN
1894,CA,SJCOGEN_7_N001,LOAD
1895,CA,SLMNCRK_6_N001,LOAD
1896,CA,SMPSN-AN_7_B1,GEN
1897,CA,SMRTVLTP_6_N101,LOAD
1898,CA,SMTRPCWS_1_N001,LOAD
1899,CA,SMUDGEO1_7_B1,GEN
1900,CA,SNANDRES_6_N001,LOAD
1901,CA,SNBRNRD_6_N001,LOAD
1902,CA,SNJOSEB_1_N001,LOAD
1903,CA,SNJOSEB_1_N005,LOAD
1904,CA,SNJOSEB_1_N009,LOAD
1905,CA,SNJOSEB_1_N013,LOAD
1906,CA,SNJSEA_1_N001,LOAD
1907,CA,SNJSEA_1_N005,LOAD
1908,CA,SNJSEA_1_N101,LOAD
1909,CA,SNLNDRO_1_N001,LOAD
1910,CA,SNLNDRO_1_N014,LOAD
1911,CA,SNLNDRO_1_N017,LOAD
1912,CA,SNLNDRO_1_N027,LOAD
1913,CA,SNTAMRA_1_N001,LOAD
1914,CA,SNTAMRA_1_N005,LOAD
1915,CA,SNTANLA_6_N001,LOAD
1916,CA,SNTARSA_1_N001,LOAD
1917,CA,SNTARSA_1_N002,LOAD
1918,CA,SNTARSA_1_N006,LOAD
1919,CA,SNTARTA_6_N001,LOAD
1920,CA,SNTAYNZ_1_N001,LOAD
1921,CA,SNTAYNZ_1_N002,LOAD
1922,CA,SNTHLNE_6_N001,LOAD
1923,CA,SNTHLNE_6_N002,LOAD
1924,CA,SOBRANTE_1_N001,LOAD
1925,CA,SOLEDAD_6_N001,LOAD
1926,CA,SONMALF_7_B1,GEN
1927,CA,SONOFR2_7_B1,GEN
1928,CA,SONOFR3_7_B1,GEN
1929,CA,SONOFRE_2_N001,LOAD
1930,CA,SONOFRE_2_N067,LOAD
1931,CA,SOUTHBAS_1_N001,LOAD
1932,CA,SOUTHBY_6_N001,LOAD
1933,CA,SPANSHCK_6_N001,LOAD
1934,CA,SPCMPNY_7_B1,GEN
1935,CA,SPENCE_6_N001,LOAD
1936,CA,SPI-BURN_7_N003,GEN
1937,CA,SPI-QUCY_7_N002,GEN
1938,CA,SPICAMIN_1_N001,LOAD
1939,CA,SPILINCF_7_N002,GEN
1940,CA,SPRINGVL_6_N001,LOAD
1941,CA,SPRINGVL_6_N002,GEN
1942,CA,SPRINGVL_6_N004,GEN
1943,CA,SPRINGVL_6_N006,GEN
1944,CA,SPRNGGP_7_B1,GEN
1945,CA,SPRNGVLY_6_N001,LOAD
1946,CA,SPRNGVLY_6_N010,LOAD
1947,NV,SQAWVLY_LNODE01,LOAD
1948,NV,SQAWVLY_LNODE81,LOAD
1949,NV,SQAWVLY_LNODE82,LOAD
1950,NV,SQAWVLY_LNODE83,LOAD
1951,CA,STAFFORD_6_N002,LOAD
1952,CA,STAFFORD_6_N101,LOAD
1953,CA,STAGG_2_N001,LOAD
1954,CA,STAGG_2_N014,LOAD
1955,CA,STAGG_6_N001,LOAD
1956,CA,STAGG_6_N003,LOAD
1957,NV,STAMPEDE_GNODEIT,GEN
1958,NV,STAMPEDE_LNODE19,LOAD
1959,NV,STATELN_LNODE01,LOAD
1960,NV,STATELN_LNODE22,LOAD
1961,NV,STATELN_LNODE23,LOAD
1962,NV,STATELN_LNODELY,LOAD
1963,CA,STATIN-L_7_N001,LOAD
1964,CA,STATIND_1_N001,LOAD
1965,CA,STATIND_1_N010,LOAD
1966,CA,STATIND_1_N013,LOAD
1967,CA,STATINJ_1_N001,LOAD
1968,CA,STATINJ_1_N012,LOAD
1969,CA,STATINJ_1_N027,LOAD
1970,CA,STATINL_1_N001,LOAD
1971,CA,STATINX_1_N001,LOAD
1972,CA,STATINX_1_N012,LOAD
1973,CA,STATINX_1_N014,LOAD
1974,CA,STATINX_1_N024,LOAD
1975,CA,STAUFER_7_B1,GEN
1976,CA,STCKTNAR_6_N001,LOAD
1977,CA,STDOIL_1_N009,LOAD
1978,CA,STELLING_1_N001,LOAD
1979,CA,STELLING_1_N004,LOAD
1980,CA,STELLING_1_N007,LOAD
1981,CA,STKTONA_1_N001,LOAD
1982,CA,STKTONA_1_N003,LOAD
1983,CA,STKTONA_6_N001,LOAD
1984,CA,STKTONA_6_N004,LOAD
1985,CA,STLLWATR_6_N001,LOAD
1986,CA,STMARIA_7_N101,GEN
1987,CA,STNSLSRP_7_B1,GEN
1988,CA,STOCKDLE_1_N001,LOAD
1989,CA,STOCKDL_2_N001,LOAD
1990,CA,STOCKDL_2_N002,LOAD
1991,CA,STOCKDL_2_N101,LOAD
1992,CA,STONCRRL_6_N001,LOAD
1993,CA,STONCRRL_6_N003,LOAD
1994,CA,STONE_1_N001,LOAD
1995,CA,STONE_1_N005,LOAD
1996,CA,STONYPT_1_N001,LOAD
1997,CA,STOREY1_2_N001,LOAD
1998,CA,STOREY1_2_N003,GEN
1999,CA,STOREY2_2_N001,LOAD
2000,CA,STREAMVW_6_N001,LOAD
2001,CA,STREAMVW_6_N007,LOAD
2002,CA,STROUD_6_N001,LOAD
2003,CA,STROUD_6_N003,GEN
2004,CA,STUART_6_N001,LOAD
2005,CA,SUISUN_1_N001,LOAD
2006,CA,SUISUN_1_N008,LOAD
2007,CA,SUISUN_1_N009,LOAD
2008,CA,SUISUN_1_N010,GEN
2009,CA,SUMMIT_6_N001,LOAD
2010,CA,SUNGEN_1_B1,GEN
2011,CA,SUNOL_6_N001,LOAD
2012,CA,SUNST_2_N006,GEN
2013,CA,SURF_1_N009,LOAD
2014,CA,SWEETWTR_6_N017,LOAD
2015,CA,SWEETWTR_6_N018,LOAD
2016,CA,SWIFT_1_GN001,GEN
2017,CA,SWIFT_1_N001,LOAD
2018,CA,SWIFT_1_N003,LOAD
2019,CA,SWIFT_1_N006,LOAD
2020,CA,SYCAMORE_1_N101,LOAD
2021,CA,SYCAMORE_1_N201,LOAD
2022,CA,SYCAMORE_1_N301,LOAD
2023,CA,T0239_7_N002,GEN
2024,CA,T0304_7_N003,GEN
2025,CA,T320BS1_7_B1,GEN
2026,CA,T320BS2_7_B1,GEN
2027,CA,T320BS3_7_B1,GEN
2028,CA,T320BS4_7_B1,GEN
2029,CA,TAFT1_1_N001,LOAD
2030,CA,TAFT1_1_N004,LOAD
2031,NV,TAHDONR_LNODE07,LOAD
2032,NV,TAHOCTY_LNODE01,LOAD
2033,NV,TAHOCTY_LNODE71,LOAD
2034,NV,TAHOCTY_LNODE72,LOAD
2035,NV,TAHOCTY_LNODE73,LOAD
2036,CA,TAMARACK_6_N001,LOAD
2037,CA,TAMARISK_1_N001,LOAD
2038,CA,TAP801_1_N001,LOAD
2039,CA,TAP807_1_N001,LOAD
2040,CA,TASSAJAR_2_N001,LOAD
2041,CA,TASSAJAR_2_N002,LOAD
2042,CA,TECUYA_6_N001,LOAD
2043,CA,TEICHERT_1_N001,LOAD
2044,CA,TEJON_6_N001,LOAD
2045,CA,TELECYN_1_N001,LOAD
2046,CA,TELECYN_1_N006,LOAD
2047,CA,TELECYN_1_N014,LOAD
2048,CA,TEMBLOR_1_N003,LOAD
2049,CA,TEMBLOR_1_N004,GEN
2050,CA,TEMPLE21_7_N002,GEN
2051,CA,TEMPLETN_2_N008,LOAD
2052,CA,TERAWND_1_N001,GEN
2053,CA,TERMNOUS_6_N001,LOAD
2054,CA,TESLA_1_N027,GEN
2055,CA,TESSUB_2_N001,LOAD
2056,CA,TEVIS_1_N001,LOAD
2057,CA,TEVIS_1_N003,LOAD
2058,CA,TEXSUN1G_7_B2,GEN
2059,CA,TEXSUN1G_7_N001,LOAD
2060,CA,TEXSUN2G_7_B2,GEN
2061,CA,TEXSUN2G_7_N001,LOAD
2062,CA,THEDV_7_B1,GEN
2063,CA,THORNHIL_1_N001,LOAD
2064,CA,TIDEWATR_2_N001,LOAD
2065,CA,TIDEWATR_2_N014,LOAD
2066,CA,TLRELKE_6_N001,LOAD
2067,CA,TOCALOMA_6_N001,LOAD
2068,CA,TOPAZC1_7_N021,GEN
2069,CA,TOREYPNS_6_N001,LOAD
2070,CA,TOREYPNS_6_N007,LOAD
2071,CA,TOREYPNS_6_N008,LOAD
2072,CA,TOREYPNS_6_N009,LOAD
2073,CA,TORTILLA_1_N001,LOAD
2074,CA,TORTILLA_1_N007,LOAD
2075,CA,TOT108_2_N006,GEN
2076,CA,TOT135G1_7_N001,GEN
2077,CA,TOT135G2_7_N001,GEN
2078,CA,TOT135G3_7_N001,GEN
2079,CA,TOT135G4_7_N001,GEN
2080,CA,TOT135G5_7_N001,GEN
2081,CA,TOT148A_7_N001,GEN
2082,CA,TOT162E3_7_N007,GEN
2083,CA,TOT162W4_7_N001,GEN
2084,CA,TOT179A_7_N001,GEN
2085,CA,TOT210S1_7_N002,GEN
2086,CA,TOT427A_7_N001,GEN
2087,CA,TRABUCO_1_N001,LOAD
2088,CA,TRABUCO_1_N005,LOAD
2089,CA,TRABUCO_1_N009,LOAD
2090,CA,TRABUCO_1_N013,LOAD
2091,CA,TRACY_1_N001,LOAD
2092,CA,TRACY_1_N002,LOAD
2093,CA,TRACY_1_N007,LOAD
2094,CA,TRACY_1_N101,LOAD
2095,CA,TRANWND_1_N001,GEN
2096,CA,TRESVIS_6_N001,LOAD
2097,CA,TRIMBLE_1_N004,LOAD
2098,CA,TRIMBLE_1_N010,LOAD
2099,CA,TRIMBLE_1_N016,LOAD
2100,CA,TRIMBLE_1_N020,LOAD
2101,CA,TRINIDAD_6_N001,LOAD
2102,NV,TRUCKEE_LNODE02,LOAD
2103,NV,TRUCKEE_LNODE03,LOAD
2104,NV,TRUCKEE_LNODE49,LOAD
2105,CA,TUDOR_6_N001,LOAD
2106,PACW,TULELAKE_LNODE35,LOAD
2107,CA,TULUCAY_6_N001,LOAD
2108,PACW,TUNNEL_LNODE33,LOAD
2109,PACW,TUNNEL_LNODE40,LOAD
2110,CA,TUPMAN_1_N101,LOAD
2111,CA,TUPMAN_1_N102,GEN
2112,CA,TVYVLLY_6_N001,LOAD
2113,CA,TWILGHTL_7_N001,GEN
2114,CA,TWISSLMN_6_N005,GEN
2115,CA,TXMIDST_7_N001,GEN
2116,CA,TXROSDL_1_N001,LOAD
2117,CA,TXROSDL_1_N002,LOAD
2118,CA,TYLER_6_N001,LOAD
2119,CA,TYLER_6_N002,LOAD
2120,CA,UALCOGN_1_N001,GEN
2121,CA,UCM_6_N001,LOAD
2122,CA,UCM_6_N002,LOAD
2123,CA,UCM_6_N006,LOAD
2124,CA,UCM_6_N110,GEN
2125,CA,UKIAH_1_N001,LOAD
2126,CA,UKIAH_1_N005,LOAD
2127,CA,ULTPWRJ_1_N001,GEN
2128,CA,ULTRAOGL_7_N001,GEN
2129,CA,ULTRRCK_7_N001,GEN
2130,CA,UNIONCH_7_B1,GEN
2131,CA,UNOCAL_7_N002,GEN
2132,CA,UPPRLKE_6_N001,LOAD
2133,CA,URBAN_6_N001,LOAD
2134,CA,URBAN_6_N005,LOAD
2135,CA,URICH_6_N001,LOAD
2136,CA,USWINDPW_7_N001,GEN
2137,CA,USWINDPW_7_N002,GEN
2138,CA,USWP-FRK_6_N001,GEN
2139,CA,USWP-JRW_2_N001,GEN
2140,CA,USWP-PAT_1_B1,GEN
2141,CA,USWP-RLF_2_N001,GEN
2142,CA,USWP-WKR_6_B2,GEN
2143,CA,VACA-DIX_1_N001,LOAD
2144,CA,VACA-DIX_1_N014,GEN
2145,CA,VACA-DIX_1_N015,LOAD
2146,CA,VACAVIL_1_N001,LOAD
2147,CA,VACAVIL_1_N101,LOAD
2148,CA,VACAVIL_1_N102,LOAD
2149,CA,VALCNTR_6_N001,LOAD
2150,CA,VALLEYSC_1_N001,LOAD
2151,CA,VALLEYSC_1_N013,GEN
2152,CA,VALLEYSC_1_N014,GEN
2153,CA,VALLEYSC_1_N025,GEN
2154,CA,VALLEYSC_1_N107,LOAD
2155,CA,VALLYHM_1_N001,LOAD
2156,CA,VALLYHM_1_N004,GEN
2157,CA,VALLYVW_1_N001,LOAD
2158,CA,VALLYVW_1_N003,LOAD
2159,CA,VASCO_6_N001,LOAD
2160,CA,VASCO_6_N003,LOAD
2161,CA,VASONA_2_N001,LOAD
2162,CA,VEDDER_1_N001,LOAD
2163,CA,VENWIND_1_N101,GEN
2164,CA,VESTAL_6_N001,LOAD
2165,CA,VESTAL_6_N002,GEN
2166,CA,VESTAL_6_N004,GEN
2167,CA,VESTAL_6_N006,GEN
2168,CA,VESTAL_6_N020,GEN
2169,CA,VICTOR_1_N001,LOAD
2170,CA,VICTOR_1_N063,GEN
2171,CA,VICTOR_6_N001,LOAD
2172,CA,VICTOR_6_N002,LOAD
2173,CA,VICTOR_7_N002,GEN
2174,CA,VIEJOSC_2_N001,LOAD
2175,CA,VIEJOSC_2_N004,LOAD
2176,CA,VIEJO_6_N001,LOAD
2177,CA,VIEJO_6_N003,LOAD
2178,CA,VIERRA_1_N001,LOAD
2179,CA,VILLAPK_2_N028,GEN
2180,CA,VINA_6_N001,LOAD
2181,CA,VINCENT_2_N100,GEN
2182,CA,VINCENT_2_N101,GEN
2183,CA,VINEYARD_2_N001,LOAD
2184,CA,VINEYARD_2_N002,LOAD
2185,CA,VINEYARD_6_N001,LOAD
2186,CA,VLYCGEN_7_N002,GEN
2187,CA,VLYCGEN_7_N003,GEN
2188,CA,VSTA_1_GN001,GEN
2189,CA,VSTA_1_N001,LOAD
2190,CA,VSTA_1_N018,GEN
2191,CA,VSTA_6_N001,LOAD
2192,CA,VSTA_6_N008,GEN
2193,CA,WADHAM_7_B1,GEN
2194,CA,WAHTOKE_1_N001,LOAD
2195,CA,WAHTOKE_1_N002,LOAD
2196,CA,WALNUT_6_N001,LOAD
2197,CA,WALNUT_6_N007,GEN
2198,CA,WALNUT_6_N008,GEN
2199,CA,WALNUT_6_N011,GEN
2200,CA,WARENCYN_6_N001,LOAD
2201,CA,WARENCYN_6_N002,LOAD
2202,CA,WARNERS_6_N001,LOAD
2203,CA,WASCO_6_N001,LOAD
2204,CA,WATRSHED_6_N001,LOAD
2205,CA,WEBER_6_N001,LOAD
2206,PACW,WEED_LNODER1,LOAD
2207,CA,WEMRSWS_6_N001,LOAD
2208,CA,WESTLANE_6_N001,LOAD
2209,CA,WESTLNDS_1_N001,LOAD
2210,CA,WESTLNDS_1_N019,LOAD
2211,CA,WESTPARK_1_N001,LOAD
2212,CA,WESTPARK_1_N005,LOAD
2213,CA,WESTPARK_1_N009,LOAD
2214,CA,WESTPLAT_1_N001,LOAD
2215,CA,WESTPNT_7_B2,GEN
2216,CA,WHEATLND_6_N001,LOAD
2217,CA,WHEATLND_6_N006,GEN
2218,CA,WHEELBR1_7_B1,GEN
2219,CA,WHEELER_6_N001,LOAD
2220,CA,WHELRGPP_2_N004,GEN
2221,CA,WHISMAN_1_N001,LOAD
2222,CA,WHISMAN_1_N004,LOAD
2223,CA,WHISMAN_1_N009,LOAD
2224,CA,WHITEWTR_7_B1,GEN
2225,CA,WHITMORE_6_N001,LOAD
2226,CA,WILDWOOD_1_N001,LOAD
2227,CA,WILKINS_6_N001,LOAD
2228,CA,WILLIAMS_6_N001,LOAD
2229,CA,WILLIAMS_6_N002,LOAD
2230,CA,WILLITS_6_N001,LOAD
2231,CA,WILLOWS_6_N001,LOAD
2232,CA,WINDGAP_2_N003,GEN
2233,CA,WINTEC6_7_N001,GEN
2234,CA,WINTERS_6_N001,LOAD
2235,CA,WISE1_7_B1,GEN
2236,CA,WISE2_7_B1,GEN
2237,CA,WOHLER_6_N001,LOAD
2238,CA,WOLFE_1_N001,LOAD
2239,CA,WOLFE_1_N002,LOAD
2240,CA,WOLFE_1_N007,LOAD
2241,CA,WOLFSKIL_7_B1,GEN
2242,CA,WOODACRE_6_N001,LOAD
2243,CA,WOODLAND_7_B1,GEN
2244,CA,WOODLD_1_N001,LOAD
2245,CA,WOODLD_1_N005,LOAD
2246,CA,WOODLD_1_N012,LOAD
2247,CA,WOODLEAF_7_B1,GEN
2248,CA,WOODSIDE_6_N003,LOAD
2249,CA,WOODSIDE_6_N004,LOAD
2250,CA,WOODWARD_1_N005,LOAD
2251,CA,WOODWARD_1_N006,LOAD
2252,CA,WPBART_1_N001,LOAD
2253,CA,WPBART_1_N004,LOAD
2254,CA,WSCOPRSN_1_N001,LOAD
2255,CA,WSCRMNO_1_N004,LOAD
2256,CA,WSCRMNO_1_N013,LOAD
2257,CA,WSCRMNO_1_N201,LOAD
2258,CA,WSTFRSO_1_N001,LOAD
2259,CA,WSTFRSO_1_N004,LOAD
2260,CA,WSTFRSO_1_N017,GEN
2261,CA,WSTLD1RA_1_N001,LOAD
2262,CA,WYANDTTE_1_N001,LOAD
2263,CA,WYANDTTE_1_N003,LOAD
2264,CA,WYANDTTE_1_N102,LOAD
2265,CA,YCCOGEN_7_B1,GEN
2266,PACW,YREKA_LNODE76,LOAD
2267,PACW,YREKA_LNODED1,LOAD
2268,PACW,YREKA_LNODED2,LOAD
2269,PACW,YREKA_LNODED3,LOAD
2270,CA,YUBACTY_7_B1,GEN
2271,CA,ZACA_1_N001,LOAD
2272,CA,ZAMORA_1_N001,LOAD
2273,CA,ZANKER_1_N001,LOAD
2274,CA,ZANKER_1_N003,LOAD
2275,CA,ZONDWD_6_B1,GEN
